DEL.;COMPETICIÓN;CATEGORÍA;FASE;GRUPO;JORNADA;CLUB L.;EQ. LOCAL;PTS. L.;CLUB V.;EQ. VISITANTE;PTS. V.;FECHA;HORA;ESTADO;INFORME;CAMPO;DIRECCIÓN;POBLACIÓN;AFORO;VESTUARIOS;IDENTIFICADOR;
;COMPETICIONES FEDERADAS FBM;Liga VIPS Masculina;PRIMERA FASE;GRUPO IMPAR;1;EUROCOLEGIO CASVI;EUROCOLEGIO CASVI;;UROS DE RIVAS;UROS DE RIVAS;;28/09/2025;19:00;;;EUROCOLEGIO CASVI-VILLAVIC. ODON;AVDA. CASTILLA, 27;Villaviciosa de Odón;;;NAC-IMPAR-J01-EUROCOLEGIOCAS-UROSDERIVAS;
;COMPETICIONES FEDERADAS FBM;Liga VIPS Masculina;PRIMERA FASE;GRUPO IMPAR;1;C.D. TAJAMAR;C.D. TAJAMAR;;C.D.V.;C.D.V.;;28/09/2025;18:00;;;TAJAMAR, PABELLON COLEGIO;PIO FELIPE, 12;Madrid;;;NAC-IMPAR-J01-CDTAJAMAR-CDV;
;COMPETICIONES FEDERADAS FBM;Liga VIPS Masculina;PRIMERA FASE;GRUPO IMPAR;1;SALTIUM ALCORCÓN BASKET;SALTIUM ALCORCÓN BASKET;;ESTUDIO;ESTUDIO;;27/09/2025;20:00;;;LA CANALEJA, PABELLON PISTA;CENTRAL AVENIDA CIRCUNVALACION NORTE, 1;Alcorcón;;;NAC-IMPAR-J01-SALTIUMALCORCO-ESTUDIO;
;COMPETICIONES FEDERADAS FBM;Liga VIPS Masculina;PRIMERA FASE;GRUPO IMPAR;1;SAN VIATOR;SAN VIATOR;;C.B. LAS ROZAS;C.B. LAS ROZAS;;27/09/2025;17:00;;;PEPE DOMAICA, PABELLON;PLAZA ELIPTICA, 2;Madrid;;;NAC-IMPAR-J01-SANVIATOR-CBLASROZAS;
;COMPETICIONES FEDERADAS FBM;Liga VIPS Masculina;PRIMERA FASE;GRUPO IMPAR;1;C.B. GETAFE;C.B. GETAFE;;BASKET TORREJON;BASKET TORREJON;;28/09/2025;17:00;;;FELIPE REYES, PABELLON PISTA;CENTRAL AV. ESPAŃA, 90;Getafe;;;NAC-IMPAR-J01-CBGETAFE-BASKETTORREJON;
;COMPETICIONES FEDERADAS FBM;Liga VIPS Masculina;PRIMERA FASE;GRUPO IMPAR;1;ESCUELA BARRIO DEL PILAR;ESCUELA BARRIO DEL PILAR;;LASO ACADEMY;LASO ACADEMY;;28/09/2025;19:00;;;VICENTE DEL BOSQUE, CDM;(PABELLON) AVDA. MONFORTE DE LEMOS, 13;Madrid;;;NAC-IMPAR-J01-ESCUELABARRIOD-LASOACADEMY;
;COMPETICIONES FEDERADAS FBM;Liga VIPS Masculina;PRIMERA FASE;GRUPO IMPAR;2;LASO ACADEMY;LASO ACADEMY;;EUROCOLEGIO CASVI;EUROCOLEGIO CASVI;;04/10/2025;19:00;;;UCJC SPORTS CLUB;CASTILLO DE ALARCON, 47 URB. VILLAFRANCA DEL CASTILLO;Madrid;;;NAC-IMPAR-J02-LASOACADEMY-EUROCOLEGIOCAS;
;COMPETICIONES FEDERADAS FBM;Liga VIPS Masculina;PRIMERA FASE;GRUPO IMPAR;2;BASKET TORREJON;BASKET TORREJON;;ESCUELA BARRIO DEL PILAR;ESCUELA BARRIO DEL PILAR;;04/10/2025;19:30;;;JAVI LIMONES, PABELLON (PISTA;CENTRAL) JOAQUIN BLUME, S/N;Torrejón de Ardoz;;;NAC-IMPAR-J02-BASKETTORREJON-ESCUELABARRIOD;
;COMPETICIONES FEDERADAS FBM;Liga VIPS Masculina;PRIMERA FASE;GRUPO IMPAR;2;C.B. LAS ROZAS;C.B. LAS ROZAS;;C.B. GETAFE;C.B. GETAFE;;04/10/2025;19:30;;;ALFREDO ESPINIELLA, PABELLON (PISTA;CENTRAL) COMUNIDAD DE LA RIOJA, 4;Rozas de Madrid, Las;;;NAC-IMPAR-J02-CBLASROZAS-CBGETAFE;
;COMPETICIONES FEDERADAS FBM;Liga VIPS Masculina;PRIMERA FASE;GRUPO IMPAR;2;ESTUDIO;ESTUDIO;;SAN VIATOR;SAN VIATOR;;04/10/2025;20:00;;;PACO HERNANDEZ, PABELLON;VALDELINARES, 7;Madrid;;;NAC-IMPAR-J02-ESTUDIO-SANVIATOR;
;COMPETICIONES FEDERADAS FBM;Liga VIPS Masculina;PRIMERA FASE;GRUPO IMPAR;2;C.D.V.;C.D.V.;;SALTIUM ALCORCÓN BASKET;SALTIUM ALCORCÓN BASKET;;04/10/2025;19:30;;;PALOMERAS, PDVO. MPAL.;TRANVIA DE ARGANDA, S/N;Madrid;;;NAC-IMPAR-J02-CDV-SALTIUMALCORCO;
;COMPETICIONES FEDERADAS FBM;Liga VIPS Masculina;PRIMERA FASE;GRUPO IMPAR;2;UROS DE RIVAS;UROS DE RIVAS;;C.D. TAJAMAR;C.D. TAJAMAR;;05/10/2025;18:45;;;LOS ALMENDROS, PABELLON;AIGUES TORTES, S/N;Rivas-Vaciamadrid;;;NAC-IMPAR-J02-UROSDERIVAS-CDTAJAMAR;
;COMPETICIONES FEDERADAS FBM;Liga VIPS Masculina;PRIMERA FASE;GRUPO IMPAR;3;EUROCOLEGIO CASVI;EUROCOLEGIO CASVI;;C.D. TAJAMAR;C.D. TAJAMAR;;12/10/2025;19:00;;;EUROCOLEGIO CASVI-VILLAVIC. ODON;AVDA. CASTILLA, 27;Villaviciosa de Odón;;;NAC-IMPAR-J03-EUROCOLEGIOCAS-CDTAJAMAR;
;COMPETICIONES FEDERADAS FBM;Liga VIPS Masculina;PRIMERA FASE;GRUPO IMPAR;3;SALTIUM ALCORCÓN BASKET;SALTIUM ALCORCÓN BASKET;;UROS DE RIVAS;UROS DE RIVAS;;11/10/2025;20:00;;;LA CANALEJA, PABELLON PISTA;CENTRAL AVENIDA CIRCUNVALACION NORTE, 1;Alcorcón;;;NAC-IMPAR-J03-SALTIUMALCORCO-UROSDERIVAS;
;COMPETICIONES FEDERADAS FBM;Liga VIPS Masculina;PRIMERA FASE;GRUPO IMPAR;3;SAN VIATOR;SAN VIATOR;;C.D.V.;C.D.V.;;11/10/2025;17:00;;;PEPE DOMAICA, PABELLON;PLAZA ELIPTICA, 2;Madrid;;;NAC-IMPAR-J03-SANVIATOR-CDV;
;COMPETICIONES FEDERADAS FBM;Liga VIPS Masculina;PRIMERA FASE;GRUPO IMPAR;3;C.B. GETAFE;C.B. GETAFE;;ESTUDIO;ESTUDIO;;12/10/2025;17:00;;;FELIPE REYES, PABELLON PISTA;CENTRAL AV. ESPAŃA, 90;Getafe;;;NAC-IMPAR-J03-CBGETAFE-ESTUDIO;
;COMPETICIONES FEDERADAS FBM;Liga VIPS Masculina;PRIMERA FASE;GRUPO IMPAR;3;ESCUELA BARRIO DEL PILAR;ESCUELA BARRIO DEL PILAR;;C.B. LAS ROZAS;C.B. LAS ROZAS;;12/10/2025;19:00;;;VICENTE DEL BOSQUE, CDM;(PABELLON) AVDA. MONFORTE DE LEMOS, 13;Madrid;;;NAC-IMPAR-J03-ESCUELABARRIOD-CBLASROZAS;
;COMPETICIONES FEDERADAS FBM;Liga VIPS Masculina;PRIMERA FASE;GRUPO IMPAR;3;LASO ACADEMY;LASO ACADEMY;;BASKET TORREJON;BASKET TORREJON;;11/10/2025;19:00;;;UCJC SPORTS CLUB;CASTILLO DE ALARCON, 47 URB. VILLAFRANCA DEL CASTILLO;Madrid;;;NAC-IMPAR-J03-LASOACADEMY-BASKETTORREJON;
;COMPETICIONES FEDERADAS FBM;Liga VIPS Masculina;PRIMERA FASE;GRUPO IMPAR;12;UROS DE RIVAS;UROS DE RIVAS;;EUROCOLEGIO CASVI;EUROCOLEGIO CASVI;;11/01/2026;18:45;;;LOS ALMENDROS, PABELLON;AIGUES TORTES, S/N;Rivas-Vaciamadrid;;;NAC-IMPAR-J12-UROSDERIVAS-EUROCOLEGIOCAS;
;COMPETICIONES FEDERADAS FBM;Liga VIPS Masculina;PRIMERA FASE;GRUPO IMPAR;12;C.D.V.;C.D.V.;;C.D. TAJAMAR;C.D. TAJAMAR;;10/01/2026;19:30;;;PALOMERAS, PDVO. MPAL.;TRANVIA DE ARGANDA, S/N;Madrid;;;NAC-IMPAR-J12-CDV-CDTAJAMAR;
;COMPETICIONES FEDERADAS FBM;Liga VIPS Masculina;PRIMERA FASE;GRUPO IMPAR;12;ESTUDIO;ESTUDIO;;SALTIUM ALCORCÓN BASKET;SALTIUM ALCORCÓN BASKET;;10/01/2026;20:00;;;PACO HERNANDEZ, PABELLON;VALDELINARES, 7;Madrid;;;NAC-IMPAR-J12-ESTUDIO-SALTIUMALCORCO;
;COMPETICIONES FEDERADAS FBM;Liga VIPS Masculina;PRIMERA FASE;GRUPO IMPAR;12;C.B. LAS ROZAS;C.B. LAS ROZAS;;SAN VIATOR;SAN VIATOR;;10/01/2026;19:30;;;ALFREDO ESPINIELLA, PABELLON (PISTA;CENTRAL) COMUNIDAD DE LA RIOJA, 4;Rozas de Madrid, Las;;;NAC-IMPAR-J12-CBLASROZAS-SANVIATOR;
;COMPETICIONES FEDERADAS FBM;Liga VIPS Masculina;PRIMERA FASE;GRUPO IMPAR;12;BASKET TORREJON;BASKET TORREJON;;C.B. GETAFE;C.B. GETAFE;;10/01/2026;19:30;;;JAVI LIMONES, PABELLON (PISTA;CENTRAL) JOAQUIN BLUME, S/N;Torrejón de Ardoz;;;NAC-IMPAR-J12-BASKETTORREJON-CBGETAFE;
;COMPETICIONES FEDERADAS FBM;Liga VIPS Masculina;PRIMERA FASE;GRUPO IMPAR;12;LASO ACADEMY;LASO ACADEMY;;ESCUELA BARRIO DEL PILAR;ESCUELA BARRIO DEL PILAR;;10/01/2026;19:00;;;UCJC SPORTS CLUB;CASTILLO DE ALARCON, 47 URB. VILLAFRANCA DEL CASTILLO;Madrid;;;NAC-IMPAR-J12-LASOACADEMY-ESCUELABARRIOD;
;COMPETICIONES FEDERADAS FBM;Liga VIPS Masculina;PRIMERA FASE;GRUPO IMPAR;13;EUROCOLEGIO CASVI;EUROCOLEGIO CASVI;;LASO ACADEMY;LASO ACADEMY;;18/01/2026;19:00;;;EUROCOLEGIO CASVI-VILLAVIC. ODON;AVDA. CASTILLA, 27;Villaviciosa de Odón;;;NAC-IMPAR-J13-EUROCOLEGIOCAS-LASOACADEMY;
;COMPETICIONES FEDERADAS FBM;Liga VIPS Masculina;PRIMERA FASE;GRUPO IMPAR;13;ESCUELA BARRIO DEL PILAR;ESCUELA BARRIO DEL PILAR;;BASKET TORREJON;BASKET TORREJON;;18/01/2026;19:00;;;VICENTE DEL BOSQUE, CDM;(PABELLON) AVDA. MONFORTE DE LEMOS, 13;Madrid;;;NAC-IMPAR-J13-ESCUELABARRIOD-BASKETTORREJON;
;COMPETICIONES FEDERADAS FBM;Liga VIPS Masculina;PRIMERA FASE;GRUPO IMPAR;13;C.B. GETAFE;C.B. GETAFE;;C.B. LAS ROZAS;C.B. LAS ROZAS;;18/01/2026;17:00;;;FELIPE REYES, PABELLON PISTA;CENTRAL AV. ESPAŃA, 90;Getafe;;;NAC-IMPAR-J13-CBGETAFE-CBLASROZAS;
;COMPETICIONES FEDERADAS FBM;Liga VIPS Masculina;PRIMERA FASE;GRUPO IMPAR;13;SAN VIATOR;SAN VIATOR;;ESTUDIO;ESTUDIO;;17/01/2026;17:00;;;PEPE DOMAICA, PABELLON;PLAZA ELIPTICA, 2;Madrid;;;NAC-IMPAR-J13-SANVIATOR-ESTUDIO;
;COMPETICIONES FEDERADAS FBM;Liga VIPS Masculina;PRIMERA FASE;GRUPO IMPAR;13;SALTIUM ALCORCÓN BASKET;SALTIUM ALCORCÓN BASKET;;C.D.V.;C.D.V.;;17/01/2026;20:00;;;LA CANALEJA, PABELLON PISTA;CENTRAL AVENIDA CIRCUNVALACION NORTE, 1;Alcorcón;;;NAC-IMPAR-J13-SALTIUMALCORCO-CDV;
;COMPETICIONES FEDERADAS FBM;Liga VIPS Masculina;PRIMERA FASE;GRUPO IMPAR;13;C.D. TAJAMAR;C.D. TAJAMAR;;UROS DE RIVAS;UROS DE RIVAS;;18/01/2026;18:00;;;TAJAMAR, PABELLON COLEGIO;PIO FELIPE, 12;Madrid;;;NAC-IMPAR-J13-CDTAJAMAR-UROSDERIVAS;
;COMPETICIONES FEDERADAS FBM;Liga VIPS Masculina;PRIMERA FASE;GRUPO IMPAR;14;C.D. TAJAMAR;C.D. TAJAMAR;;EUROCOLEGIO CASVI;EUROCOLEGIO CASVI;;25/01/2026;18:00;;;TAJAMAR, PABELLON COLEGIO;PIO FELIPE, 12;Madrid;;;NAC-IMPAR-J14-CDTAJAMAR-EUROCOLEGIOCAS;
;COMPETICIONES FEDERADAS FBM;Liga VIPS Masculina;PRIMERA FASE;GRUPO IMPAR;14;UROS DE RIVAS;UROS DE RIVAS;;SALTIUM ALCORCÓN BASKET;SALTIUM ALCORCÓN BASKET;;25/01/2026;18:45;;;LOS ALMENDROS, PABELLON;AIGUES TORTES, S/N;Rivas-Vaciamadrid;;;NAC-IMPAR-J14-UROSDERIVAS-SALTIUMALCORCO;
;COMPETICIONES FEDERADAS FBM;Liga VIPS Masculina;PRIMERA FASE;GRUPO IMPAR;14;C.D.V.;C.D.V.;;SAN VIATOR;SAN VIATOR;;24/01/2026;19:30;;;PALOMERAS, PDVO. MPAL.;TRANVIA DE ARGANDA, S/N;Madrid;;;NAC-IMPAR-J14-CDV-SANVIATOR;
;COMPETICIONES FEDERADAS FBM;Liga VIPS Masculina;PRIMERA FASE;GRUPO IMPAR;14;ESTUDIO;ESTUDIO;;C.B. GETAFE;C.B. GETAFE;;24/01/2026;20:00;;;PACO HERNANDEZ, PABELLON;VALDELINARES, 7;Madrid;;;NAC-IMPAR-J14-ESTUDIO-CBGETAFE;
;COMPETICIONES FEDERADAS FBM;Liga VIPS Masculina;PRIMERA FASE;GRUPO IMPAR;14;C.B. LAS ROZAS;C.B. LAS ROZAS;;ESCUELA BARRIO DEL PILAR;ESCUELA BARRIO DEL PILAR;;24/01/2026;19:30;;;ALFREDO ESPINIELLA, PABELLON (PISTA;CENTRAL) COMUNIDAD DE LA RIOJA, 4;Rozas de Madrid, Las;;;NAC-IMPAR-J14-CBLASROZAS-ESCUELABARRIOD;
;COMPETICIONES FEDERADAS FBM;Liga VIPS Masculina;PRIMERA FASE;GRUPO IMPAR;14;BASKET TORREJON;BASKET TORREJON;;LASO ACADEMY;LASO ACADEMY;;24/01/2026;19:30;;;JAVI LIMONES, PABELLON (PISTA;CENTRAL) JOAQUIN BLUME, S/N;Torrejón de Ardoz;;;NAC-IMPAR-J14-BASKETTORREJON-LASOACADEMY;
;COMPETICIONES FEDERADAS FBM;Liga VIPS Masculina;PRIMERA FASE;GRUPO IMPAR;4;BASKET TORREJON;BASKET TORREJON;;EUROCOLEGIO CASVI;EUROCOLEGIO CASVI;;18/10/2025;19:30;;;JAVI LIMONES, PABELLON (PISTA;CENTRAL) JOAQUIN BLUME, S/N;Torrejón de Ardoz;;;NAC-IMPAR-J04-BASKETTORREJON-EUROCOLEGIOCAS;
;COMPETICIONES FEDERADAS FBM;Liga VIPS Masculina;PRIMERA FASE;GRUPO IMPAR;4;C.B. LAS ROZAS;C.B. LAS ROZAS;;LASO ACADEMY;LASO ACADEMY;;18/10/2025;19:30;;;ALFREDO ESPINIELLA, PABELLON (PISTA;CENTRAL) COMUNIDAD DE LA RIOJA, 4;Rozas de Madrid, Las;;;NAC-IMPAR-J04-CBLASROZAS-LASOACADEMY;
;COMPETICIONES FEDERADAS FBM;Liga VIPS Masculina;PRIMERA FASE;GRUPO IMPAR;4;ESTUDIO;ESTUDIO;;ESCUELA BARRIO DEL PILAR;ESCUELA BARRIO DEL PILAR;;18/10/2025;20:00;;;PACO HERNANDEZ, PABELLON;VALDELINARES, 7;Madrid;;;NAC-IMPAR-J04-ESTUDIO-ESCUELABARRIOD;
;COMPETICIONES FEDERADAS FBM;Liga VIPS Masculina;PRIMERA FASE;GRUPO IMPAR;4;C.D.V.;C.D.V.;;C.B. GETAFE;C.B. GETAFE;;18/10/2025;19:30;;;PALOMERAS, PDVO. MPAL.;TRANVIA DE ARGANDA, S/N;Madrid;;;NAC-IMPAR-J04-CDV-CBGETAFE;
;COMPETICIONES FEDERADAS FBM;Liga VIPS Masculina;PRIMERA FASE;GRUPO IMPAR;4;UROS DE RIVAS;UROS DE RIVAS;;SAN VIATOR;SAN VIATOR;;19/10/2025;18:45;;;LOS ALMENDROS, PABELLON;AIGUES TORTES, S/N;Rivas-Vaciamadrid;;;NAC-IMPAR-J04-UROSDERIVAS-SANVIATOR;
;COMPETICIONES FEDERADAS FBM;Liga VIPS Masculina;PRIMERA FASE;GRUPO IMPAR;4;C.D. TAJAMAR;C.D. TAJAMAR;;SALTIUM ALCORCÓN BASKET;SALTIUM ALCORCÓN BASKET;;19/10/2025;18:00;;;TAJAMAR, PABELLON COLEGIO;PIO FELIPE, 12;Madrid;;;NAC-IMPAR-J04-CDTAJAMAR-SALTIUMALCORCO;
;COMPETICIONES FEDERADAS FBM;Liga VIPS Masculina;PRIMERA FASE;GRUPO IMPAR;5;EUROCOLEGIO CASVI;EUROCOLEGIO CASVI;;SALTIUM ALCORCÓN BASKET;SALTIUM ALCORCÓN BASKET;;26/10/2025;19:00;;;EUROCOLEGIO CASVI-VILLAVIC. ODON;AVDA. CASTILLA, 27;Villaviciosa de Odón;;;NAC-IMPAR-J05-EUROCOLEGIOCAS-SALTIUMALCORCO;
;COMPETICIONES FEDERADAS FBM;Liga VIPS Masculina;PRIMERA FASE;GRUPO IMPAR;5;SAN VIATOR;SAN VIATOR;;C.D. TAJAMAR;C.D. TAJAMAR;;25/10/2025;17:00;;;PEPE DOMAICA, PABELLON;PLAZA ELIPTICA, 2;Madrid;;;NAC-IMPAR-J05-SANVIATOR-CDTAJAMAR;
;COMPETICIONES FEDERADAS FBM;Liga VIPS Masculina;PRIMERA FASE;GRUPO IMPAR;5;C.B. GETAFE;C.B. GETAFE;;UROS DE RIVAS;UROS DE RIVAS;;26/10/2025;17:00;;;FELIPE REYES, PABELLON PISTA;CENTRAL AV. ESPAŃA, 90;Getafe;;;NAC-IMPAR-J05-CBGETAFE-UROSDERIVAS;
;COMPETICIONES FEDERADAS FBM;Liga VIPS Masculina;PRIMERA FASE;GRUPO IMPAR;5;ESCUELA BARRIO DEL PILAR;ESCUELA BARRIO DEL PILAR;;C.D.V.;C.D.V.;;26/10/2025;19:00;;;VICENTE DEL BOSQUE, CDM;(PABELLON) AVDA. MONFORTE DE LEMOS, 13;Madrid;;;NAC-IMPAR-J05-ESCUELABARRIOD-CDV;
;COMPETICIONES FEDERADAS FBM;Liga VIPS Masculina;PRIMERA FASE;GRUPO IMPAR;5;LASO ACADEMY;LASO ACADEMY;;ESTUDIO;ESTUDIO;;25/10/2025;19:00;;;UCJC SPORTS CLUB;CASTILLO DE ALARCON, 47 URB. VILLAFRANCA DEL CASTILLO;Madrid;;;NAC-IMPAR-J05-LASOACADEMY-ESTUDIO;
;COMPETICIONES FEDERADAS FBM;Liga VIPS Masculina;PRIMERA FASE;GRUPO IMPAR;5;BASKET TORREJON;BASKET TORREJON;;C.B. LAS ROZAS;C.B. LAS ROZAS;;25/10/2025;19:30;;;JAVI LIMONES, PABELLON (PISTA;CENTRAL) JOAQUIN BLUME, S/N;Torrejón de Ardoz;;;NAC-IMPAR-J05-BASKETTORREJON-CBLASROZAS;
;COMPETICIONES FEDERADAS FBM;Liga VIPS Masculina;PRIMERA FASE;GRUPO IMPAR;6;C.B. LAS ROZAS;C.B. LAS ROZAS;;EUROCOLEGIO CASVI;EUROCOLEGIO CASVI;;08/11/2025;19:30;;;ALFREDO ESPINIELLA, PABELLON (PISTA;CENTRAL) COMUNIDAD DE LA RIOJA, 4;Rozas de Madrid, Las;;;NAC-IMPAR-J06-CBLASROZAS-EUROCOLEGIOCAS;
;COMPETICIONES FEDERADAS FBM;Liga VIPS Masculina;PRIMERA FASE;GRUPO IMPAR;6;ESTUDIO;ESTUDIO;;BASKET TORREJON;BASKET TORREJON;;08/11/2025;20:00;;;PACO HERNANDEZ, PABELLON;VALDELINARES, 7;Madrid;;;NAC-IMPAR-J06-ESTUDIO-BASKETTORREJON;
;COMPETICIONES FEDERADAS FBM;Liga VIPS Masculina;PRIMERA FASE;GRUPO IMPAR;6;C.D.V.;C.D.V.;;LASO ACADEMY;LASO ACADEMY;;08/11/2025;19:30;;;PALOMERAS, PDVO. MPAL.;TRANVIA DE ARGANDA, S/N;Madrid;;;NAC-IMPAR-J06-CDV-LASOACADEMY;
;COMPETICIONES FEDERADAS FBM;Liga VIPS Masculina;PRIMERA FASE;GRUPO IMPAR;6;UROS DE RIVAS;UROS DE RIVAS;;ESCUELA BARRIO DEL PILAR;ESCUELA BARRIO DEL PILAR;;09/11/2025;18:45;;;LOS ALMENDROS, PABELLON;AIGUES TORTES, S/N;Rivas-Vaciamadrid;;;NAC-IMPAR-J06-UROSDERIVAS-ESCUELABARRIOD;
;COMPETICIONES FEDERADAS FBM;Liga VIPS Masculina;PRIMERA FASE;GRUPO IMPAR;6;C.D. TAJAMAR;C.D. TAJAMAR;;C.B. GETAFE;C.B. GETAFE;;09/11/2025;18:00;;;TAJAMAR, PABELLON COLEGIO;PIO FELIPE, 12;Madrid;;;NAC-IMPAR-J06-CDTAJAMAR-CBGETAFE;
;COMPETICIONES FEDERADAS FBM;Liga VIPS Masculina;PRIMERA FASE;GRUPO IMPAR;6;SALTIUM ALCORCÓN BASKET;SALTIUM ALCORCÓN BASKET;;SAN VIATOR;SAN VIATOR;;08/11/2025;20:00;;;LA CANALEJA, PABELLON PISTA;CENTRAL AVENIDA CIRCUNVALACION NORTE, 1;Alcorcón;;;NAC-IMPAR-J06-SALTIUMALCORCO-SANVIATOR;
;COMPETICIONES FEDERADAS FBM;Liga VIPS Masculina;PRIMERA FASE;GRUPO IMPAR;7;EUROCOLEGIO CASVI;EUROCOLEGIO CASVI;;SAN VIATOR;SAN VIATOR;;16/11/2025;19:00;;;EUROCOLEGIO CASVI-VILLAVIC. ODON;AVDA. CASTILLA, 27;Villaviciosa de Odón;;;NAC-IMPAR-J07-EUROCOLEGIOCAS-SANVIATOR;
;COMPETICIONES FEDERADAS FBM;Liga VIPS Masculina;PRIMERA FASE;GRUPO IMPAR;7;C.B. GETAFE;C.B. GETAFE;;SALTIUM ALCORCÓN BASKET;SALTIUM ALCORCÓN BASKET;;16/11/2025;17:00;;;FELIPE REYES, PABELLON PISTA;CENTRAL AV. ESPAŃA, 90;Getafe;;;NAC-IMPAR-J07-CBGETAFE-SALTIUMALCORCO;
;COMPETICIONES FEDERADAS FBM;Liga VIPS Masculina;PRIMERA FASE;GRUPO IMPAR;7;ESCUELA BARRIO DEL PILAR;ESCUELA BARRIO DEL PILAR;;C.D. TAJAMAR;C.D. TAJAMAR;;16/11/2025;19:00;;;VICENTE DEL BOSQUE, CDM;(PABELLON) AVDA. MONFORTE DE LEMOS, 13;Madrid;;;NAC-IMPAR-J07-ESCUELABARRIOD-CDTAJAMAR;
;COMPETICIONES FEDERADAS FBM;Liga VIPS Masculina;PRIMERA FASE;GRUPO IMPAR;7;LASO ACADEMY;LASO ACADEMY;;UROS DE RIVAS;UROS DE RIVAS;;15/11/2025;19:00;;;UCJC SPORTS CLUB;CASTILLO DE ALARCON, 47 URB. VILLAFRANCA DEL CASTILLO;Madrid;;;NAC-IMPAR-J07-LASOACADEMY-UROSDERIVAS;
;COMPETICIONES FEDERADAS FBM;Liga VIPS Masculina;PRIMERA FASE;GRUPO IMPAR;7;BASKET TORREJON;BASKET TORREJON;;C.D.V.;C.D.V.;;15/11/2025;19:30;;;JAVI LIMONES, PABELLON (PISTA;CENTRAL) JOAQUIN BLUME, S/N;Torrejón de Ardoz;;;NAC-IMPAR-J07-BASKETTORREJON-CDV;
;COMPETICIONES FEDERADAS FBM;Liga VIPS Masculina;PRIMERA FASE;GRUPO IMPAR;7;C.B. LAS ROZAS;C.B. LAS ROZAS;;ESTUDIO;ESTUDIO;;15/11/2025;19:30;;;ALFREDO ESPINIELLA, PABELLON (PISTA;CENTRAL) COMUNIDAD DE LA RIOJA, 4;Rozas de Madrid, Las;;;NAC-IMPAR-J07-CBLASROZAS-ESTUDIO;
;COMPETICIONES FEDERADAS FBM;Liga VIPS Masculina;PRIMERA FASE;GRUPO IMPAR;8;ESTUDIO;ESTUDIO;;EUROCOLEGIO CASVI;EUROCOLEGIO CASVI;;22/11/2025;20:00;;;PACO HERNANDEZ, PABELLON;VALDELINARES, 7;Madrid;;;NAC-IMPAR-J08-ESTUDIO-EUROCOLEGIOCAS;
;COMPETICIONES FEDERADAS FBM;Liga VIPS Masculina;PRIMERA FASE;GRUPO IMPAR;8;C.D.V.;C.D.V.;;C.B. LAS ROZAS;C.B. LAS ROZAS;;22/11/2025;19:30;;;PALOMERAS, PDVO. MPAL.;TRANVIA DE ARGANDA, S/N;Madrid;;;NAC-IMPAR-J08-CDV-CBLASROZAS;
;COMPETICIONES FEDERADAS FBM;Liga VIPS Masculina;PRIMERA FASE;GRUPO IMPAR;8;UROS DE RIVAS;UROS DE RIVAS;;BASKET TORREJON;BASKET TORREJON;;23/11/2025;18:45;;;LOS ALMENDROS, PABELLON;AIGUES TORTES, S/N;Rivas-Vaciamadrid;;;NAC-IMPAR-J08-UROSDERIVAS-BASKETTORREJON;
;COMPETICIONES FEDERADAS FBM;Liga VIPS Masculina;PRIMERA FASE;GRUPO IMPAR;8;C.D. TAJAMAR;C.D. TAJAMAR;;LASO ACADEMY;LASO ACADEMY;;23/11/2025;18:00;;;TAJAMAR, PABELLON COLEGIO;PIO FELIPE, 12;Madrid;;;NAC-IMPAR-J08-CDTAJAMAR-LASOACADEMY;
;COMPETICIONES FEDERADAS FBM;Liga VIPS Masculina;PRIMERA FASE;GRUPO IMPAR;8;SALTIUM ALCORCÓN BASKET;SALTIUM ALCORCÓN BASKET;;ESCUELA BARRIO DEL PILAR;ESCUELA BARRIO DEL PILAR;;22/11/2025;20:00;;;LA CANALEJA, PABELLON PISTA;CENTRAL AVENIDA CIRCUNVALACION NORTE, 1;Alcorcón;;;NAC-IMPAR-J08-SALTIUMALCORCO-ESCUELABARRIOD;
;COMPETICIONES FEDERADAS FBM;Liga VIPS Masculina;PRIMERA FASE;GRUPO IMPAR;8;SAN VIATOR;SAN VIATOR;;C.B. GETAFE;C.B. GETAFE;;22/11/2025;17:00;;;PEPE DOMAICA, PABELLON;PLAZA ELIPTICA, 2;Madrid;;;NAC-IMPAR-J08-SANVIATOR-CBGETAFE;
;COMPETICIONES FEDERADAS FBM;Liga VIPS Masculina;PRIMERA FASE;GRUPO IMPAR;9;EUROCOLEGIO CASVI;EUROCOLEGIO CASVI;;C.B. GETAFE;C.B. GETAFE;;30/11/2025;19:00;;;EUROCOLEGIO CASVI-VILLAVIC. ODON;AVDA. CASTILLA, 27;Villaviciosa de Odón;;;NAC-IMPAR-J09-EUROCOLEGIOCAS-CBGETAFE;
;COMPETICIONES FEDERADAS FBM;Liga VIPS Masculina;PRIMERA FASE;GRUPO IMPAR;9;ESCUELA BARRIO DEL PILAR;ESCUELA BARRIO DEL PILAR;;SAN VIATOR;SAN VIATOR;;30/11/2025;19:00;;;VICENTE DEL BOSQUE, CDM;(PABELLON) AVDA. MONFORTE DE LEMOS, 13;Madrid;;;NAC-IMPAR-J09-ESCUELABARRIOD-SANVIATOR;
;COMPETICIONES FEDERADAS FBM;Liga VIPS Masculina;PRIMERA FASE;GRUPO IMPAR;9;LASO ACADEMY;LASO ACADEMY;;SALTIUM ALCORCÓN BASKET;SALTIUM ALCORCÓN BASKET;;29/11/2025;19:00;;;UCJC SPORTS CLUB;CASTILLO DE ALARCON, 47 URB. VILLAFRANCA DEL CASTILLO;Madrid;;;NAC-IMPAR-J09-LASOACADEMY-SALTIUMALCORCO;
;COMPETICIONES FEDERADAS FBM;Liga VIPS Masculina;PRIMERA FASE;GRUPO IMPAR;9;BASKET TORREJON;BASKET TORREJON;;C.D. TAJAMAR;C.D. TAJAMAR;;29/11/2025;19:30;;;JAVI LIMONES, PABELLON (PISTA;CENTRAL) JOAQUIN BLUME, S/N;Torrejón de Ardoz;;;NAC-IMPAR-J09-BASKETTORREJON-CDTAJAMAR;
;COMPETICIONES FEDERADAS FBM;Liga VIPS Masculina;PRIMERA FASE;GRUPO IMPAR;9;C.B. LAS ROZAS;C.B. LAS ROZAS;;UROS DE RIVAS;UROS DE RIVAS;;29/11/2025;19:30;;;ALFREDO ESPINIELLA, PABELLON (PISTA;CENTRAL) COMUNIDAD DE LA RIOJA, 4;Rozas de Madrid, Las;;;NAC-IMPAR-J09-CBLASROZAS-UROSDERIVAS;
;COMPETICIONES FEDERADAS FBM;Liga VIPS Masculina;PRIMERA FASE;GRUPO IMPAR;9;ESTUDIO;ESTUDIO;;C.D.V.;C.D.V.;;29/11/2025;20:00;;;PACO HERNANDEZ, PABELLON;VALDELINARES, 7;Madrid;;;NAC-IMPAR-J09-ESTUDIO-CDV;
;COMPETICIONES FEDERADAS FBM;Liga VIPS Masculina;PRIMERA FASE;GRUPO IMPAR;10;EUROCOLEGIO CASVI;EUROCOLEGIO CASVI;;C.D.V.;C.D.V.;;14/12/2025;19:00;;;EUROCOLEGIO CASVI-VILLAVIC. ODON;AVDA. CASTILLA, 27;Villaviciosa de Odón;;;NAC-IMPAR-J10-EUROCOLEGIOCAS-CDV;
;COMPETICIONES FEDERADAS FBM;Liga VIPS Masculina;PRIMERA FASE;GRUPO IMPAR;10;UROS DE RIVAS;UROS DE RIVAS;;ESTUDIO;ESTUDIO;;14/12/2025;18:45;;;LOS ALMENDROS, PABELLON;AIGUES TORTES, S/N;Rivas-Vaciamadrid;;;NAC-IMPAR-J10-UROSDERIVAS-ESTUDIO;
;COMPETICIONES FEDERADAS FBM;Liga VIPS Masculina;PRIMERA FASE;GRUPO IMPAR;10;C.D. TAJAMAR;C.D. TAJAMAR;;C.B. LAS ROZAS;C.B. LAS ROZAS;;14/12/2025;18:00;;;TAJAMAR, PABELLON COLEGIO;PIO FELIPE, 12;Madrid;;;NAC-IMPAR-J10-CDTAJAMAR-CBLASROZAS;
;COMPETICIONES FEDERADAS FBM;Liga VIPS Masculina;PRIMERA FASE;GRUPO IMPAR;10;SALTIUM ALCORCÓN BASKET;SALTIUM ALCORCÓN BASKET;;BASKET TORREJON;BASKET TORREJON;;13/12/2025;20:00;;;LA CANALEJA, PABELLON PISTA;CENTRAL AVENIDA CIRCUNVALACION NORTE, 1;Alcorcón;;;NAC-IMPAR-J10-SALTIUMALCORCO-BASKETTORREJON;
;COMPETICIONES FEDERADAS FBM;Liga VIPS Masculina;PRIMERA FASE;GRUPO IMPAR;10;SAN VIATOR;SAN VIATOR;;LASO ACADEMY;LASO ACADEMY;;13/12/2025;17:00;;;PEPE DOMAICA, PABELLON;PLAZA ELIPTICA, 2;Madrid;;;NAC-IMPAR-J10-SANVIATOR-LASOACADEMY;
;COMPETICIONES FEDERADAS FBM;Liga VIPS Masculina;PRIMERA FASE;GRUPO IMPAR;10;C.B. GETAFE;C.B. GETAFE;;ESCUELA BARRIO DEL PILAR;ESCUELA BARRIO DEL PILAR;;14/12/2025;17:00;;;FELIPE REYES, PABELLON PISTA;CENTRAL AV. ESPAŃA, 90;Getafe;;;NAC-IMPAR-J10-CBGETAFE-ESCUELABARRIOD;
;COMPETICIONES FEDERADAS FBM;Liga VIPS Masculina;PRIMERA FASE;GRUPO IMPAR;15;EUROCOLEGIO CASVI;EUROCOLEGIO CASVI;;BASKET TORREJON;BASKET TORREJON;;01/02/2026;19:00;;;EUROCOLEGIO CASVI-VILLAVIC. ODON;AVDA. CASTILLA, 27;Villaviciosa de Odón;;;NAC-IMPAR-J15-EUROCOLEGIOCAS-BASKETTORREJON;
;COMPETICIONES FEDERADAS FBM;Liga VIPS Masculina;PRIMERA FASE;GRUPO IMPAR;15;LASO ACADEMY;LASO ACADEMY;;C.B. LAS ROZAS;C.B. LAS ROZAS;;31/01/2026;19:00;;;UCJC SPORTS CLUB;CASTILLO DE ALARCON, 47 URB. VILLAFRANCA DEL CASTILLO;Madrid;;;NAC-IMPAR-J15-LASOACADEMY-CBLASROZAS;
;COMPETICIONES FEDERADAS FBM;Liga VIPS Masculina;PRIMERA FASE;GRUPO IMPAR;15;ESCUELA BARRIO DEL PILAR;ESCUELA BARRIO DEL PILAR;;ESTUDIO;ESTUDIO;;01/02/2026;19:00;;;VICENTE DEL BOSQUE, CDM;(PABELLON) AVDA. MONFORTE DE LEMOS, 13;Madrid;;;NAC-IMPAR-J15-ESCUELABARRIOD-ESTUDIO;
;COMPETICIONES FEDERADAS FBM;Liga VIPS Masculina;PRIMERA FASE;GRUPO IMPAR;15;C.B. GETAFE;C.B. GETAFE;;C.D.V.;C.D.V.;;01/02/2026;17:00;;;FELIPE REYES, PABELLON PISTA;CENTRAL AV. ESPAŃA, 90;Getafe;;;NAC-IMPAR-J15-CBGETAFE-CDV;
;COMPETICIONES FEDERADAS FBM;Liga VIPS Masculina;PRIMERA FASE;GRUPO IMPAR;15;SAN VIATOR;SAN VIATOR;;UROS DE RIVAS;UROS DE RIVAS;;31/01/2026;17:00;;;PEPE DOMAICA, PABELLON;PLAZA ELIPTICA, 2;Madrid;;;NAC-IMPAR-J15-SANVIATOR-UROSDERIVAS;
;COMPETICIONES FEDERADAS FBM;Liga VIPS Masculina;PRIMERA FASE;GRUPO IMPAR;15;SALTIUM ALCORCÓN BASKET;SALTIUM ALCORCÓN BASKET;;C.D. TAJAMAR;C.D. TAJAMAR;;31/01/2026;20:00;;;LA CANALEJA, PABELLON PISTA;CENTRAL AVENIDA CIRCUNVALACION NORTE, 1;Alcorcón;;;NAC-IMPAR-J15-SALTIUMALCORCO-CDTAJAMAR;
;COMPETICIONES FEDERADAS FBM;Liga VIPS Masculina;PRIMERA FASE;GRUPO IMPAR;16;SALTIUM ALCORCÓN BASKET;SALTIUM ALCORCÓN BASKET;;EUROCOLEGIO CASVI;EUROCOLEGIO CASVI;;07/02/2026;20:00;;;LA CANALEJA, PABELLON PISTA;CENTRAL AVENIDA CIRCUNVALACION NORTE, 1;Alcorcón;;;NAC-IMPAR-J16-SALTIUMALCORCO-EUROCOLEGIOCAS;
;COMPETICIONES FEDERADAS FBM;Liga VIPS Masculina;PRIMERA FASE;GRUPO IMPAR;16;C.D. TAJAMAR;C.D. TAJAMAR;;SAN VIATOR;SAN VIATOR;;08/02/2026;18:00;;;TAJAMAR, PABELLON COLEGIO;PIO FELIPE, 12;Madrid;;;NAC-IMPAR-J16-CDTAJAMAR-SANVIATOR;
;COMPETICIONES FEDERADAS FBM;Liga VIPS Masculina;PRIMERA FASE;GRUPO IMPAR;16;UROS DE RIVAS;UROS DE RIVAS;;C.B. GETAFE;C.B. GETAFE;;08/02/2026;18:45;;;LOS ALMENDROS, PABELLON;AIGUES TORTES, S/N;Rivas-Vaciamadrid;;;NAC-IMPAR-J16-UROSDERIVAS-CBGETAFE;
;COMPETICIONES FEDERADAS FBM;Liga VIPS Masculina;PRIMERA FASE;GRUPO IMPAR;16;C.D.V.;C.D.V.;;ESCUELA BARRIO DEL PILAR;ESCUELA BARRIO DEL PILAR;;07/02/2026;19:30;;;PALOMERAS, PDVO. MPAL.;TRANVIA DE ARGANDA, S/N;Madrid;;;NAC-IMPAR-J16-CDV-ESCUELABARRIOD;
;COMPETICIONES FEDERADAS FBM;Liga VIPS Masculina;PRIMERA FASE;GRUPO IMPAR;16;ESTUDIO;ESTUDIO;;LASO ACADEMY;LASO ACADEMY;;07/02/2026;20:00;;;PACO HERNANDEZ, PABELLON;VALDELINARES, 7;Madrid;;;NAC-IMPAR-J16-ESTUDIO-LASOACADEMY;
;COMPETICIONES FEDERADAS FBM;Liga VIPS Masculina;PRIMERA FASE;GRUPO IMPAR;16;C.B. LAS ROZAS;C.B. LAS ROZAS;;BASKET TORREJON;BASKET TORREJON;;07/02/2026;19:30;;;ALFREDO ESPINIELLA, PABELLON (PISTA;CENTRAL) COMUNIDAD DE LA RIOJA, 4;Rozas de Madrid, Las;;;NAC-IMPAR-J16-CBLASROZAS-BASKETTORREJON;
;COMPETICIONES FEDERADAS FBM;Liga VIPS Masculina;PRIMERA FASE;GRUPO IMPAR;17;EUROCOLEGIO CASVI;EUROCOLEGIO CASVI;;C.B. LAS ROZAS;C.B. LAS ROZAS;;15/02/2026;19:00;;;EUROCOLEGIO CASVI-VILLAVIC. ODON;AVDA. CASTILLA, 27;Villaviciosa de Odón;;;NAC-IMPAR-J17-EUROCOLEGIOCAS-CBLASROZAS;
;COMPETICIONES FEDERADAS FBM;Liga VIPS Masculina;PRIMERA FASE;GRUPO IMPAR;17;BASKET TORREJON;BASKET TORREJON;;ESTUDIO;ESTUDIO;;14/02/2026;19:30;;;JAVI LIMONES, PABELLON (PISTA;CENTRAL) JOAQUIN BLUME, S/N;Torrejón de Ardoz;;;NAC-IMPAR-J17-BASKETTORREJON-ESTUDIO;
;COMPETICIONES FEDERADAS FBM;Liga VIPS Masculina;PRIMERA FASE;GRUPO IMPAR;17;LASO ACADEMY;LASO ACADEMY;;C.D.V.;C.D.V.;;14/02/2026;19:00;;;UCJC SPORTS CLUB;CASTILLO DE ALARCON, 47 URB. VILLAFRANCA DEL CASTILLO;Madrid;;;NAC-IMPAR-J17-LASOACADEMY-CDV;
;COMPETICIONES FEDERADAS FBM;Liga VIPS Masculina;PRIMERA FASE;GRUPO IMPAR;17;ESCUELA BARRIO DEL PILAR;ESCUELA BARRIO DEL PILAR;;UROS DE RIVAS;UROS DE RIVAS;;15/02/2026;19:00;;;VICENTE DEL BOSQUE, CDM;(PABELLON) AVDA. MONFORTE DE LEMOS, 13;Madrid;;;NAC-IMPAR-J17-ESCUELABARRIOD-UROSDERIVAS;
;COMPETICIONES FEDERADAS FBM;Liga VIPS Masculina;PRIMERA FASE;GRUPO IMPAR;17;C.B. GETAFE;C.B. GETAFE;;C.D. TAJAMAR;C.D. TAJAMAR;;15/02/2026;17:00;;;FELIPE REYES, PABELLON PISTA;CENTRAL AV. ESPAŃA, 90;Getafe;;;NAC-IMPAR-J17-CBGETAFE-CDTAJAMAR;
;COMPETICIONES FEDERADAS FBM;Liga VIPS Masculina;PRIMERA FASE;GRUPO IMPAR;17;SAN VIATOR;SAN VIATOR;;SALTIUM ALCORCÓN BASKET;SALTIUM ALCORCÓN BASKET;;14/02/2026;17:00;;;PEPE DOMAICA, PABELLON;PLAZA ELIPTICA, 2;Madrid;;;NAC-IMPAR-J17-SANVIATOR-SALTIUMALCORCO;
;COMPETICIONES FEDERADAS FBM;Liga VIPS Masculina;PRIMERA FASE;GRUPO IMPAR;18;SAN VIATOR;SAN VIATOR;;EUROCOLEGIO CASVI;EUROCOLEGIO CASVI;;21/02/2026;17:00;;;PEPE DOMAICA, PABELLON;PLAZA ELIPTICA, 2;Madrid;;;NAC-IMPAR-J18-SANVIATOR-EUROCOLEGIOCAS;
;COMPETICIONES FEDERADAS FBM;Liga VIPS Masculina;PRIMERA FASE;GRUPO IMPAR;18;SALTIUM ALCORCÓN BASKET;SALTIUM ALCORCÓN BASKET;;C.B. GETAFE;C.B. GETAFE;;21/02/2026;20:00;;;LA CANALEJA, PABELLON PISTA;CENTRAL AVENIDA CIRCUNVALACION NORTE, 1;Alcorcón;;;NAC-IMPAR-J18-SALTIUMALCORCO-CBGETAFE;
;COMPETICIONES FEDERADAS FBM;Liga VIPS Masculina;PRIMERA FASE;GRUPO IMPAR;18;C.D. TAJAMAR;C.D. TAJAMAR;;ESCUELA BARRIO DEL PILAR;ESCUELA BARRIO DEL PILAR;;22/02/2026;18:00;;;TAJAMAR, PABELLON COLEGIO;PIO FELIPE, 12;Madrid;;;NAC-IMPAR-J18-CDTAJAMAR-ESCUELABARRIOD;
;COMPETICIONES FEDERADAS FBM;Liga VIPS Masculina;PRIMERA FASE;GRUPO IMPAR;18;UROS DE RIVAS;UROS DE RIVAS;;LASO ACADEMY;LASO ACADEMY;;22/02/2026;18:45;;;LOS ALMENDROS, PABELLON;AIGUES TORTES, S/N;Rivas-Vaciamadrid;;;NAC-IMPAR-J18-UROSDERIVAS-LASOACADEMY;
;COMPETICIONES FEDERADAS FBM;Liga VIPS Masculina;PRIMERA FASE;GRUPO IMPAR;18;C.D.V.;C.D.V.;;BASKET TORREJON;BASKET TORREJON;;21/02/2026;19:30;;;PALOMERAS, PDVO. MPAL.;TRANVIA DE ARGANDA, S/N;Madrid;;;NAC-IMPAR-J18-CDV-BASKETTORREJON;
;COMPETICIONES FEDERADAS FBM;Liga VIPS Masculina;PRIMERA FASE;GRUPO IMPAR;18;ESTUDIO;ESTUDIO;;C.B. LAS ROZAS;C.B. LAS ROZAS;;21/02/2026;20:00;;;PACO HERNANDEZ, PABELLON;VALDELINARES, 7;Madrid;;;NAC-IMPAR-J18-ESTUDIO-CBLASROZAS;
;COMPETICIONES FEDERADAS FBM;Liga VIPS Masculina;PRIMERA FASE;GRUPO IMPAR;19;EUROCOLEGIO CASVI;EUROCOLEGIO CASVI;;ESTUDIO;ESTUDIO;;01/03/2026;19:00;;;EUROCOLEGIO CASVI-VILLAVIC. ODON;AVDA. CASTILLA, 27;Villaviciosa de Odón;;;NAC-IMPAR-J19-EUROCOLEGIOCAS-ESTUDIO;
;COMPETICIONES FEDERADAS FBM;Liga VIPS Masculina;PRIMERA FASE;GRUPO IMPAR;19;C.B. LAS ROZAS;C.B. LAS ROZAS;;C.D.V.;C.D.V.;;28/02/2026;19:30;;;ALFREDO ESPINIELLA, PABELLON (PISTA;CENTRAL) COMUNIDAD DE LA RIOJA, 4;Rozas de Madrid, Las;;;NAC-IMPAR-J19-CBLASROZAS-CDV;
;COMPETICIONES FEDERADAS FBM;Liga VIPS Masculina;PRIMERA FASE;GRUPO IMPAR;19;BASKET TORREJON;BASKET TORREJON;;UROS DE RIVAS;UROS DE RIVAS;;28/02/2026;19:30;;;JAVI LIMONES, PABELLON (PISTA;CENTRAL) JOAQUIN BLUME, S/N;Torrejón de Ardoz;;;NAC-IMPAR-J19-BASKETTORREJON-UROSDERIVAS;
;COMPETICIONES FEDERADAS FBM;Liga VIPS Masculina;PRIMERA FASE;GRUPO IMPAR;19;LASO ACADEMY;LASO ACADEMY;;C.D. TAJAMAR;C.D. TAJAMAR;;28/02/2026;19:00;;;UCJC SPORTS CLUB;CASTILLO DE ALARCON, 47 URB. VILLAFRANCA DEL CASTILLO;Madrid;;;NAC-IMPAR-J19-LASOACADEMY-CDTAJAMAR;
;COMPETICIONES FEDERADAS FBM;Liga VIPS Masculina;PRIMERA FASE;GRUPO IMPAR;19;ESCUELA BARRIO DEL PILAR;ESCUELA BARRIO DEL PILAR;;SALTIUM ALCORCÓN BASKET;SALTIUM ALCORCÓN BASKET;;01/03/2026;19:00;;;VICENTE DEL BOSQUE, CDM;(PABELLON) AVDA. MONFORTE DE LEMOS, 13;Madrid;;;NAC-IMPAR-J19-ESCUELABARRIOD-SALTIUMALCORCO;
;COMPETICIONES FEDERADAS FBM;Liga VIPS Masculina;PRIMERA FASE;GRUPO IMPAR;19;C.B. GETAFE;C.B. GETAFE;;SAN VIATOR;SAN VIATOR;;01/03/2026;17:00;;;FELIPE REYES, PABELLON PISTA;CENTRAL AV. ESPAŃA, 90;Getafe;;;NAC-IMPAR-J19-CBGETAFE-SANVIATOR;
;COMPETICIONES FEDERADAS FBM;Liga VIPS Masculina;PRIMERA FASE;GRUPO IMPAR;20;C.B. GETAFE;C.B. GETAFE;;EUROCOLEGIO CASVI;EUROCOLEGIO CASVI;;08/03/2026;17:00;;;FELIPE REYES, PABELLON PISTA;CENTRAL AV. ESPAŃA, 90;Getafe;;;NAC-IMPAR-J20-CBGETAFE-EUROCOLEGIOCAS;
;COMPETICIONES FEDERADAS FBM;Liga VIPS Masculina;PRIMERA FASE;GRUPO IMPAR;20;SAN VIATOR;SAN VIATOR;;ESCUELA BARRIO DEL PILAR;ESCUELA BARRIO DEL PILAR;;07/03/2026;17:00;;;PEPE DOMAICA, PABELLON;PLAZA ELIPTICA, 2;Madrid;;;NAC-IMPAR-J20-SANVIATOR-ESCUELABARRIOD;
;COMPETICIONES FEDERADAS FBM;Liga VIPS Masculina;PRIMERA FASE;GRUPO IMPAR;20;SALTIUM ALCORCÓN BASKET;SALTIUM ALCORCÓN BASKET;;LASO ACADEMY;LASO ACADEMY;;07/03/2026;20:00;;;LA CANALEJA, PABELLON PISTA;CENTRAL AVENIDA CIRCUNVALACION NORTE, 1;Alcorcón;;;NAC-IMPAR-J20-SALTIUMALCORCO-LASOACADEMY;
;COMPETICIONES FEDERADAS FBM;Liga VIPS Masculina;PRIMERA FASE;GRUPO IMPAR;20;C.D. TAJAMAR;C.D. TAJAMAR;;BASKET TORREJON;BASKET TORREJON;;08/03/2026;18:00;;;TAJAMAR, PABELLON COLEGIO;PIO FELIPE, 12;Madrid;;;NAC-IMPAR-J20-CDTAJAMAR-BASKETTORREJON;
;COMPETICIONES FEDERADAS FBM;Liga VIPS Masculina;PRIMERA FASE;GRUPO IMPAR;20;UROS DE RIVAS;UROS DE RIVAS;;C.B. LAS ROZAS;C.B. LAS ROZAS;;08/03/2026;18:45;;;LOS ALMENDROS, PABELLON;AIGUES TORTES, S/N;Rivas-Vaciamadrid;;;NAC-IMPAR-J20-UROSDERIVAS-CBLASROZAS;
;COMPETICIONES FEDERADAS FBM;Liga VIPS Masculina;PRIMERA FASE;GRUPO IMPAR;20;C.D.V.;C.D.V.;;ESTUDIO;ESTUDIO;;07/03/2026;19:30;;;PALOMERAS, PDVO. MPAL.;TRANVIA DE ARGANDA, S/N;Madrid;;;NAC-IMPAR-J20-CDV-ESTUDIO;
;COMPETICIONES FEDERADAS FBM;Liga VIPS Masculina;PRIMERA FASE;GRUPO IMPAR;21;C.D.V.;C.D.V.;;EUROCOLEGIO CASVI;EUROCOLEGIO CASVI;;14/03/2026;19:30;;;PALOMERAS, PDVO. MPAL.;TRANVIA DE ARGANDA, S/N;Madrid;;;NAC-IMPAR-J21-CDV-EUROCOLEGIOCAS;
;COMPETICIONES FEDERADAS FBM;Liga VIPS Masculina;PRIMERA FASE;GRUPO IMPAR;21;ESTUDIO;ESTUDIO;;UROS DE RIVAS;UROS DE RIVAS;;14/03/2026;20:00;;;PACO HERNANDEZ, PABELLON;VALDELINARES, 7;Madrid;;;NAC-IMPAR-J21-ESTUDIO-UROSDERIVAS;
;COMPETICIONES FEDERADAS FBM;Liga VIPS Masculina;PRIMERA FASE;GRUPO IMPAR;21;C.B. LAS ROZAS;C.B. LAS ROZAS;;C.D. TAJAMAR;C.D. TAJAMAR;;14/03/2026;19:30;;;ALFREDO ESPINIELLA, PABELLON (PISTA;CENTRAL) COMUNIDAD DE LA RIOJA, 4;Rozas de Madrid, Las;;;NAC-IMPAR-J21-CBLASROZAS-CDTAJAMAR;
;COMPETICIONES FEDERADAS FBM;Liga VIPS Masculina;PRIMERA FASE;GRUPO IMPAR;21;BASKET TORREJON;BASKET TORREJON;;SALTIUM ALCORCÓN BASKET;SALTIUM ALCORCÓN BASKET;;14/03/2026;19:30;;;JAVI LIMONES, PABELLON (PISTA;CENTRAL) JOAQUIN BLUME, S/N;Torrejón de Ardoz;;;NAC-IMPAR-J21-BASKETTORREJON-SALTIUMALCORCO;
;COMPETICIONES FEDERADAS FBM;Liga VIPS Masculina;PRIMERA FASE;GRUPO IMPAR;21;LASO ACADEMY;LASO ACADEMY;;SAN VIATOR;SAN VIATOR;;14/03/2026;19:00;;;UCJC SPORTS CLUB;CASTILLO DE ALARCON, 47 URB. VILLAFRANCA DEL CASTILLO;Madrid;;;NAC-IMPAR-J21-LASOACADEMY-SANVIATOR;
;COMPETICIONES FEDERADAS FBM;Liga VIPS Masculina;PRIMERA FASE;GRUPO IMPAR;21;ESCUELA BARRIO DEL PILAR;ESCUELA BARRIO DEL PILAR;;C.B. GETAFE;C.B. GETAFE;;15/03/2026;19:00;;;VICENTE DEL BOSQUE, CDM;(PABELLON) AVDA. MONFORTE DE LEMOS, 13;Madrid;;;NAC-IMPAR-J21-ESCUELABARRIOD-CBGETAFE;
;COMPETICIONES FEDERADAS FBM;Liga VIPS Masculina;PRIMERA FASE;GRUPO IMPAR;11;ESCUELA BARRIO DEL PILAR;ESCUELA BARRIO DEL PILAR;;EUROCOLEGIO CASVI;EUROCOLEGIO CASVI;;21/12/2025;19:00;;;VICENTE DEL BOSQUE, CDM;(PABELLON) AVDA. MONFORTE DE LEMOS, 13;Madrid;;;NAC-IMPAR-J11-ESCUELABARRIOD-EUROCOLEGIOCAS;
;COMPETICIONES FEDERADAS FBM;Liga VIPS Masculina;PRIMERA FASE;GRUPO IMPAR;11;LASO ACADEMY;LASO ACADEMY;;C.B. GETAFE;C.B. GETAFE;;20/12/2025;19:00;;;UCJC SPORTS CLUB;CASTILLO DE ALARCON, 47 URB. VILLAFRANCA DEL CASTILLO;Madrid;;;NAC-IMPAR-J11-LASOACADEMY-CBGETAFE;
;COMPETICIONES FEDERADAS FBM;Liga VIPS Masculina;PRIMERA FASE;GRUPO IMPAR;11;BASKET TORREJON;BASKET TORREJON;;SAN VIATOR;SAN VIATOR;;20/12/2025;19:30;;;JAVI LIMONES, PABELLON (PISTA;CENTRAL) JOAQUIN BLUME, S/N;Torrejón de Ardoz;;;NAC-IMPAR-J11-BASKETTORREJON-SANVIATOR;
;COMPETICIONES FEDERADAS FBM;Liga VIPS Masculina;PRIMERA FASE;GRUPO IMPAR;11;C.B. LAS ROZAS;C.B. LAS ROZAS;;SALTIUM ALCORCÓN BASKET;SALTIUM ALCORCÓN BASKET;;20/12/2025;19:30;;;ALFREDO ESPINIELLA, PABELLON (PISTA;CENTRAL) COMUNIDAD DE LA RIOJA, 4;Rozas de Madrid, Las;;;NAC-IMPAR-J11-CBLASROZAS-SALTIUMALCORCO;
;COMPETICIONES FEDERADAS FBM;Liga VIPS Masculina;PRIMERA FASE;GRUPO IMPAR;11;ESTUDIO;ESTUDIO;;C.D. TAJAMAR;C.D. TAJAMAR;;20/12/2025;20:00;;;PACO HERNANDEZ, PABELLON;VALDELINARES, 7;Madrid;;;NAC-IMPAR-J11-ESTUDIO-CDTAJAMAR;
;COMPETICIONES FEDERADAS FBM;Liga VIPS Masculina;PRIMERA FASE;GRUPO IMPAR;11;C.D.V.;C.D.V.;;UROS DE RIVAS;UROS DE RIVAS;;20/12/2025;19:30;;;PALOMERAS, PDVO. MPAL.;TRANVIA DE ARGANDA, S/N;Madrid;;;NAC-IMPAR-J11-CDV-UROSDERIVAS;
;COMPETICIONES FEDERADAS FBM;Liga VIPS Masculina;PRIMERA FASE;GRUPO IMPAR;22;EUROCOLEGIO CASVI;EUROCOLEGIO CASVI;;ESCUELA BARRIO DEL PILAR;ESCUELA BARRIO DEL PILAR;;22/03/2026;19:00;;;EUROCOLEGIO CASVI-VILLAVIC. ODON;AVDA. CASTILLA, 27;Villaviciosa de Odón;;;NAC-IMPAR-J22-EUROCOLEGIOCAS-ESCUELABARRIOD;
;COMPETICIONES FEDERADAS FBM;Liga VIPS Masculina;PRIMERA FASE;GRUPO IMPAR;22;C.B. GETAFE;C.B. GETAFE;;LASO ACADEMY;LASO ACADEMY;;22/03/2026;17:00;;;FELIPE REYES, PABELLON PISTA;CENTRAL AV. ESPAŃA, 90;Getafe;;;NAC-IMPAR-J22-CBGETAFE-LASOACADEMY;
;COMPETICIONES FEDERADAS FBM;Liga VIPS Masculina;PRIMERA FASE;GRUPO IMPAR;22;SAN VIATOR;SAN VIATOR;;BASKET TORREJON;BASKET TORREJON;;21/03/2026;17:00;;;PEPE DOMAICA, PABELLON;PLAZA ELIPTICA, 2;Madrid;;;NAC-IMPAR-J22-SANVIATOR-BASKETTORREJON;
;COMPETICIONES FEDERADAS FBM;Liga VIPS Masculina;PRIMERA FASE;GRUPO IMPAR;22;SALTIUM ALCORCÓN BASKET;SALTIUM ALCORCÓN BASKET;;C.B. LAS ROZAS;C.B. LAS ROZAS;;21/03/2026;20:00;;;LA CANALEJA, PABELLON PISTA;CENTRAL AVENIDA CIRCUNVALACION NORTE, 1;Alcorcón;;;NAC-IMPAR-J22-SALTIUMALCORCO-CBLASROZAS;
;COMPETICIONES FEDERADAS FBM;Liga VIPS Masculina;PRIMERA FASE;GRUPO IMPAR;22;C.D. TAJAMAR;C.D. TAJAMAR;;ESTUDIO;ESTUDIO;;22/03/2026;18:00;;;TAJAMAR, PABELLON COLEGIO;PIO FELIPE, 12;Madrid;;;NAC-IMPAR-J22-CDTAJAMAR-ESTUDIO;
;COMPETICIONES FEDERADAS FBM;Liga VIPS Masculina;PRIMERA FASE;GRUPO IMPAR;22;UROS DE RIVAS;UROS DE RIVAS;;C.D.V.;C.D.V.;;22/03/2026;18:45;;;LOS ALMENDROS, PABELLON;AIGUES TORTES, S/N;Rivas-Vaciamadrid;;;NAC-IMPAR-J22-UROSDERIVAS-CDV;
;COMPETICIONES FEDERADAS FBM;Liga VIPS Masculina;PRIMERA FASE;GRUPO PAR;1;VERITAS POZUELO;VERITAS POZUELO;;LICEO FRANCES;LICEO FRANCES;;27/09/2025;20:00;;;VERITAS, PABELLON INSTITUTO;AVDA. RADIO TELEVISION, 2;Pozuelo de Alarcón;;;NAC-PAR-J01-VERITASPOZUELO-LICEOFRANCES;
;COMPETICIONES FEDERADAS FBM;Liga VIPS Masculina;PRIMERA FASE;GRUPO PAR;1;ENSANCHE DE VALLECAS LA HIPOTECA DE TU VIDA;ENSANCHE DE VALLECAS LA HIPOTECA DE TU VIDA;;CB POZUELO;CB POZUELO;;27/09/2025;16:00;;;MIGUEL GUILLEN PRIM, PABELLON;C/ FUENTIDUEŃA, 6;Madrid;;;NAC-PAR-J01-ENSANCHEDEVALL-CBPOZUELO;
;COMPETICIONES FEDERADAS FBM;Liga VIPS Masculina;PRIMERA FASE;GRUPO PAR;1;QUIERO VALCUDE ALCOBENDAS;QUIERO VALCUDE ALCOBENDAS;;QUALIS C.B. VILLA DE VALDEMORO;QUALIS C.B. VILLA DE VALDEMORO;;27/09/2025;19:00;;;AMAYA VALDEMORO, PABELLON;CRTA. ALCOBENDAS-BARAJAS, Km. 1,200;Alcobendas;;;NAC-PAR-J01-QUIEROVALCUDEA-QUALISCBVILLAD;
;COMPETICIONES FEDERADAS FBM;Liga VIPS Masculina;PRIMERA FASE;GRUPO PAR;1;JANSEN BT;JANSEN BT;;ARGANZUELA CENTRO;ARGANZUELA CENTRO;;27/09/2025;19:30;;;TORRELODONES, PABELLON;GENERACION DE ORO PLAZA JOSE MŞ UNCETA, 4;Torrelodones;;;NAC-PAR-J01-JANSENBT-ARGANZUELACENT;
;COMPETICIONES FEDERADAS FBM;Liga VIPS Masculina;PRIMERA FASE;GRUPO PAR;1;RICOPIA FUNBAL ALCALA CBJA;RICOPIA FUNBAL ALCALA CBJA;;MAJADAHONDA;MAJADAHONDA;;27/09/2025;20:00;;;JUAN DE AUSTRIA, PABELLON (PISTA;CENTRAL) JOSE CABALLERO, S/N;Alcalá de Henares;;;NAC-PAR-J01-RICOPIAFUNBALA-MAJADAHONDA;
;COMPETICIONES FEDERADAS FBM;Liga VIPS Masculina;PRIMERA FASE;GRUPO PAR;1;VILLALBA GILMAR;VILLALBA GILMAR;;SUMINISTROS INDUSTRIALES ARGANDA;SUMINISTROS INDUSTRIALES ARGANDA;;28/09/2025;19:30;;;ENRIQUE BLAS, PABELLON MPAL.;COMANDANTE JUAN ANTONIO TERRON, S/N;Collado Villalba;;;NAC-PAR-J01-VILLALBAGILMAR-SUMINISTROSIND;
;COMPETICIONES FEDERADAS FBM;Liga VIPS Masculina;PRIMERA FASE;GRUPO PAR;2;SUMINISTROS INDUSTRIALES ARGANDA;SUMINISTROS INDUSTRIALES ARGANDA;;VERITAS POZUELO;VERITAS POZUELO;;04/10/2025;18:30;;;VIRGEN DEL CARMEN, PABELLON (PISTA;CENTRAL) MALLORCA, S/N;Arganda del Rey;;;NAC-PAR-J02-SUMINISTROSIND-VERITASPOZUELO;
;COMPETICIONES FEDERADAS FBM;Liga VIPS Masculina;PRIMERA FASE;GRUPO PAR;2;MAJADAHONDA;MAJADAHONDA;;VILLALBA GILMAR;VILLALBA GILMAR;;04/10/2025;20:00;;;PRINCIPE FELIPE, POLIDEPORTIVO;AVDA. GUADARRAMA, 7;Majadahonda;;;NAC-PAR-J02-MAJADAHONDA-VILLALBAGILMAR;
;COMPETICIONES FEDERADAS FBM;Liga VIPS Masculina;PRIMERA FASE;GRUPO PAR;2;ARGANZUELA CENTRO;ARGANZUELA CENTRO;;RICOPIA FUNBAL ALCALA CBJA;RICOPIA FUNBAL ALCALA CBJA;;05/10/2025;13:15;;;SALESIANOS CARABANCHEL, PABELLON;COLEGIO RONDA DON BOSCO, 3;Madrid;;;NAC-PAR-J02-ARGANZUELACENT-RICOPIAFUNBALA;
;COMPETICIONES FEDERADAS FBM;Liga VIPS Masculina;PRIMERA FASE;GRUPO PAR;2;QUALIS C.B. VILLA DE VALDEMORO;QUALIS C.B. VILLA DE VALDEMORO;;JANSEN BT;JANSEN BT;;04/10/2025;18:00;;;JESUS ESPAŃA, PABELLON (PISTA;CENTRAL) NEPTUNO, 4;Valdemoro;;;NAC-PAR-J02-QUALISCBVILLAD-JANSENBT;
;COMPETICIONES FEDERADAS FBM;Liga VIPS Masculina;PRIMERA FASE;GRUPO PAR;2;CB POZUELO;CB POZUELO;;QUIERO VALCUDE ALCOBENDAS;QUIERO VALCUDE ALCOBENDAS;;04/10/2025;20:30;;;EL TORREON, PABELLON;CAMINO DE LAS HUERTAS, 38;Pozuelo de Alarcón;;;NAC-PAR-J02-CBPOZUELO-QUIEROVALCUDEA;
;COMPETICIONES FEDERADAS FBM;Liga VIPS Masculina;PRIMERA FASE;GRUPO PAR;2;LICEO FRANCES;LICEO FRANCES;;ENSANCHE DE VALLECAS LA HIPOTECA DE TU VIDA;ENSANCHE DE VALLECAS LA HIPOTECA DE TU VIDA;;05/10/2025;17:00;;;LICEO FRANCES, PABELLON COLEGIO;AVDA. DE LOS MADROŃOS frente nş 42;Madrid;;;NAC-PAR-J02-LICEOFRANCES-ENSANCHEDEVALL;
;COMPETICIONES FEDERADAS FBM;Liga VIPS Masculina;PRIMERA FASE;GRUPO PAR;3;VERITAS POZUELO;VERITAS POZUELO;;ENSANCHE DE VALLECAS LA HIPOTECA DE TU VIDA;ENSANCHE DE VALLECAS LA HIPOTECA DE TU VIDA;;11/10/2025;20:00;;;VERITAS, PABELLON INSTITUTO;AVDA. RADIO TELEVISION, 2;Pozuelo de Alarcón;;;NAC-PAR-J03-VERITASPOZUELO-ENSANCHEDEVALL;
;COMPETICIONES FEDERADAS FBM;Liga VIPS Masculina;PRIMERA FASE;GRUPO PAR;3;QUIERO VALCUDE ALCOBENDAS;QUIERO VALCUDE ALCOBENDAS;;LICEO FRANCES;LICEO FRANCES;;11/10/2025;19:00;;;AMAYA VALDEMORO, PABELLON;CRTA. ALCOBENDAS-BARAJAS, Km. 1,200;Alcobendas;;;NAC-PAR-J03-QUIEROVALCUDEA-LICEOFRANCES;
;COMPETICIONES FEDERADAS FBM;Liga VIPS Masculina;PRIMERA FASE;GRUPO PAR;3;JANSEN BT;JANSEN BT;;CB POZUELO;CB POZUELO;;11/10/2025;19:30;;;TORRELODONES, PABELLON;GENERACION DE ORO PLAZA JOSE MŞ UNCETA, 4;Torrelodones;;;NAC-PAR-J03-JANSENBT-CBPOZUELO;
;COMPETICIONES FEDERADAS FBM;Liga VIPS Masculina;PRIMERA FASE;GRUPO PAR;3;RICOPIA FUNBAL ALCALA CBJA;RICOPIA FUNBAL ALCALA CBJA;;QUALIS C.B. VILLA DE VALDEMORO;QUALIS C.B. VILLA DE VALDEMORO;;11/10/2025;20:00;;;JUAN DE AUSTRIA, PABELLON (PISTA;CENTRAL) JOSE CABALLERO, S/N;Alcalá de Henares;;;NAC-PAR-J03-RICOPIAFUNBALA-QUALISCBVILLAD;
;COMPETICIONES FEDERADAS FBM;Liga VIPS Masculina;PRIMERA FASE;GRUPO PAR;3;VILLALBA GILMAR;VILLALBA GILMAR;;ARGANZUELA CENTRO;ARGANZUELA CENTRO;;12/10/2025;19:30;;;ENRIQUE BLAS, PABELLON MPAL.;COMANDANTE JUAN ANTONIO TERRON, S/N;Collado Villalba;;;NAC-PAR-J03-VILLALBAGILMAR-ARGANZUELACENT;
;COMPETICIONES FEDERADAS FBM;Liga VIPS Masculina;PRIMERA FASE;GRUPO PAR;3;SUMINISTROS INDUSTRIALES ARGANDA;SUMINISTROS INDUSTRIALES ARGANDA;;MAJADAHONDA;MAJADAHONDA;;11/10/2025;18:30;;;VIRGEN DEL CARMEN, PABELLON (PISTA;CENTRAL) MALLORCA, S/N;Arganda del Rey;;;NAC-PAR-J03-SUMINISTROSIND-MAJADAHONDA;
;COMPETICIONES FEDERADAS FBM;Liga VIPS Masculina;PRIMERA FASE;GRUPO PAR;12;LICEO FRANCES;LICEO FRANCES;;VERITAS POZUELO;VERITAS POZUELO;;11/01/2026;17:00;;;LICEO FRANCES, PABELLON COLEGIO;AVDA. DE LOS MADROŃOS frente nş 42;Madrid;;;NAC-PAR-J12-LICEOFRANCES-VERITASPOZUELO;
;COMPETICIONES FEDERADAS FBM;Liga VIPS Masculina;PRIMERA FASE;GRUPO PAR;12;CB POZUELO;CB POZUELO;;ENSANCHE DE VALLECAS LA HIPOTECA DE TU VIDA;ENSANCHE DE VALLECAS LA HIPOTECA DE TU VIDA;;10/01/2026;20:30;;;EL TORREON, PABELLON;CAMINO DE LAS HUERTAS, 38;Pozuelo de Alarcón;;;NAC-PAR-J12-CBPOZUELO-ENSANCHEDEVALL;
;COMPETICIONES FEDERADAS FBM;Liga VIPS Masculina;PRIMERA FASE;GRUPO PAR;12;QUALIS C.B. VILLA DE VALDEMORO;QUALIS C.B. VILLA DE VALDEMORO;;QUIERO VALCUDE ALCOBENDAS;QUIERO VALCUDE ALCOBENDAS;;10/01/2026;18:00;;;JESUS ESPAŃA, PABELLON (PISTA;CENTRAL) NEPTUNO, 4;Valdemoro;;;NAC-PAR-J12-QUALISCBVILLAD-QUIEROVALCUDEA;
;COMPETICIONES FEDERADAS FBM;Liga VIPS Masculina;PRIMERA FASE;GRUPO PAR;12;ARGANZUELA CENTRO;ARGANZUELA CENTRO;;JANSEN BT;JANSEN BT;;11/01/2026;13:15;;;SALESIANOS CARABANCHEL, PABELLON;COLEGIO RONDA DON BOSCO, 3;Madrid;;;NAC-PAR-J12-ARGANZUELACENT-JANSENBT;
;COMPETICIONES FEDERADAS FBM;Liga VIPS Masculina;PRIMERA FASE;GRUPO PAR;12;MAJADAHONDA;MAJADAHONDA;;RICOPIA FUNBAL ALCALA CBJA;RICOPIA FUNBAL ALCALA CBJA;;10/01/2026;20:00;;;PRINCIPE FELIPE, POLIDEPORTIVO;AVDA. GUADARRAMA, 7;Majadahonda;;;NAC-PAR-J12-MAJADAHONDA-RICOPIAFUNBALA;
;COMPETICIONES FEDERADAS FBM;Liga VIPS Masculina;PRIMERA FASE;GRUPO PAR;12;SUMINISTROS INDUSTRIALES ARGANDA;SUMINISTROS INDUSTRIALES ARGANDA;;VILLALBA GILMAR;VILLALBA GILMAR;;10/01/2026;18:30;;;VIRGEN DEL CARMEN, PABELLON (PISTA;CENTRAL) MALLORCA, S/N;Arganda del Rey;;;NAC-PAR-J12-SUMINISTROSIND-VILLALBAGILMAR;
;COMPETICIONES FEDERADAS FBM;Liga VIPS Masculina;PRIMERA FASE;GRUPO PAR;13;VERITAS POZUELO;VERITAS POZUELO;;SUMINISTROS INDUSTRIALES ARGANDA;SUMINISTROS INDUSTRIALES ARGANDA;;17/01/2026;20:00;;;VERITAS, PABELLON INSTITUTO;AVDA. RADIO TELEVISION, 2;Pozuelo de Alarcón;;;NAC-PAR-J13-VERITASPOZUELO-SUMINISTROSIND;
;COMPETICIONES FEDERADAS FBM;Liga VIPS Masculina;PRIMERA FASE;GRUPO PAR;13;VILLALBA GILMAR;VILLALBA GILMAR;;MAJADAHONDA;MAJADAHONDA;;18/01/2026;19:30;;;ENRIQUE BLAS, PABELLON MPAL.;COMANDANTE JUAN ANTONIO TERRON, S/N;Collado Villalba;;;NAC-PAR-J13-VILLALBAGILMAR-MAJADAHONDA;
;COMPETICIONES FEDERADAS FBM;Liga VIPS Masculina;PRIMERA FASE;GRUPO PAR;13;RICOPIA FUNBAL ALCALA CBJA;RICOPIA FUNBAL ALCALA CBJA;;ARGANZUELA CENTRO;ARGANZUELA CENTRO;;17/01/2026;20:00;;;JUAN DE AUSTRIA, PABELLON (PISTA;CENTRAL) JOSE CABALLERO, S/N;Alcalá de Henares;;;NAC-PAR-J13-RICOPIAFUNBALA-ARGANZUELACENT;
;COMPETICIONES FEDERADAS FBM;Liga VIPS Masculina;PRIMERA FASE;GRUPO PAR;13;JANSEN BT;JANSEN BT;;QUALIS C.B. VILLA DE VALDEMORO;QUALIS C.B. VILLA DE VALDEMORO;;17/01/2026;19:30;;;TORRELODONES, PABELLON;GENERACION DE ORO PLAZA JOSE MŞ UNCETA, 4;Torrelodones;;;NAC-PAR-J13-JANSENBT-QUALISCBVILLAD;
;COMPETICIONES FEDERADAS FBM;Liga VIPS Masculina;PRIMERA FASE;GRUPO PAR;13;QUIERO VALCUDE ALCOBENDAS;QUIERO VALCUDE ALCOBENDAS;;CB POZUELO;CB POZUELO;;17/01/2026;19:00;;;AMAYA VALDEMORO, PABELLON;CRTA. ALCOBENDAS-BARAJAS, Km. 1,200;Alcobendas;;;NAC-PAR-J13-QUIEROVALCUDEA-CBPOZUELO;
;COMPETICIONES FEDERADAS FBM;Liga VIPS Masculina;PRIMERA FASE;GRUPO PAR;13;ENSANCHE DE VALLECAS LA HIPOTECA DE TU VIDA;ENSANCHE DE VALLECAS LA HIPOTECA DE TU VIDA;;LICEO FRANCES;LICEO FRANCES;;17/01/2026;16:00;;;MIGUEL GUILLEN PRIM, PABELLON;C/ FUENTIDUEŃA, 6;Madrid;;;NAC-PAR-J13-ENSANCHEDEVALL-LICEOFRANCES;
;COMPETICIONES FEDERADAS FBM;Liga VIPS Masculina;PRIMERA FASE;GRUPO PAR;14;ENSANCHE DE VALLECAS LA HIPOTECA DE TU VIDA;ENSANCHE DE VALLECAS LA HIPOTECA DE TU VIDA;;VERITAS POZUELO;VERITAS POZUELO;;24/01/2026;16:00;;;MIGUEL GUILLEN PRIM, PABELLON;C/ FUENTIDUEŃA, 6;Madrid;;;NAC-PAR-J14-ENSANCHEDEVALL-VERITASPOZUELO;
;COMPETICIONES FEDERADAS FBM;Liga VIPS Masculina;PRIMERA FASE;GRUPO PAR;14;LICEO FRANCES;LICEO FRANCES;;QUIERO VALCUDE ALCOBENDAS;QUIERO VALCUDE ALCOBENDAS;;25/01/2026;17:00;;;LICEO FRANCES, PABELLON COLEGIO;AVDA. DE LOS MADROŃOS frente nş 42;Madrid;;;NAC-PAR-J14-LICEOFRANCES-QUIEROVALCUDEA;
;COMPETICIONES FEDERADAS FBM;Liga VIPS Masculina;PRIMERA FASE;GRUPO PAR;14;CB POZUELO;CB POZUELO;;JANSEN BT;JANSEN BT;;24/01/2026;20:30;;;EL TORREON, PABELLON;CAMINO DE LAS HUERTAS, 38;Pozuelo de Alarcón;;;NAC-PAR-J14-CBPOZUELO-JANSENBT;
;COMPETICIONES FEDERADAS FBM;Liga VIPS Masculina;PRIMERA FASE;GRUPO PAR;14;QUALIS C.B. VILLA DE VALDEMORO;QUALIS C.B. VILLA DE VALDEMORO;;RICOPIA FUNBAL ALCALA CBJA;RICOPIA FUNBAL ALCALA CBJA;;24/01/2026;18:00;;;JESUS ESPAŃA, PABELLON (PISTA;CENTRAL) NEPTUNO, 4;Valdemoro;;;NAC-PAR-J14-QUALISCBVILLAD-RICOPIAFUNBALA;
;COMPETICIONES FEDERADAS FBM;Liga VIPS Masculina;PRIMERA FASE;GRUPO PAR;14;ARGANZUELA CENTRO;ARGANZUELA CENTRO;;VILLALBA GILMAR;VILLALBA GILMAR;;25/01/2026;13:15;;;SALESIANOS CARABANCHEL, PABELLON;COLEGIO RONDA DON BOSCO, 3;Madrid;;;NAC-PAR-J14-ARGANZUELACENT-VILLALBAGILMAR;
;COMPETICIONES FEDERADAS FBM;Liga VIPS Masculina;PRIMERA FASE;GRUPO PAR;14;MAJADAHONDA;MAJADAHONDA;;SUMINISTROS INDUSTRIALES ARGANDA;SUMINISTROS INDUSTRIALES ARGANDA;;24/01/2026;20:00;;;PRINCIPE FELIPE, POLIDEPORTIVO;AVDA. GUADARRAMA, 7;Majadahonda;;;NAC-PAR-J14-MAJADAHONDA-SUMINISTROSIND;
;COMPETICIONES FEDERADAS FBM;Liga VIPS Masculina;PRIMERA FASE;GRUPO PAR;4;MAJADAHONDA;MAJADAHONDA;;VERITAS POZUELO;VERITAS POZUELO;;18/10/2025;20:00;;;PRINCIPE FELIPE, POLIDEPORTIVO;AVDA. GUADARRAMA, 7;Majadahonda;;;NAC-PAR-J04-MAJADAHONDA-VERITASPOZUELO;
;COMPETICIONES FEDERADAS FBM;Liga VIPS Masculina;PRIMERA FASE;GRUPO PAR;4;ARGANZUELA CENTRO;ARGANZUELA CENTRO;;SUMINISTROS INDUSTRIALES ARGANDA;SUMINISTROS INDUSTRIALES ARGANDA;;19/10/2025;13:15;;;SALESIANOS CARABANCHEL, PABELLON;COLEGIO RONDA DON BOSCO, 3;Madrid;;;NAC-PAR-J04-ARGANZUELACENT-SUMINISTROSIND;
;COMPETICIONES FEDERADAS FBM;Liga VIPS Masculina;PRIMERA FASE;GRUPO PAR;4;QUALIS C.B. VILLA DE VALDEMORO;QUALIS C.B. VILLA DE VALDEMORO;;VILLALBA GILMAR;VILLALBA GILMAR;;18/10/2025;18:00;;;JESUS ESPAŃA, PABELLON (PISTA;CENTRAL) NEPTUNO, 4;Valdemoro;;;NAC-PAR-J04-QUALISCBVILLAD-VILLALBAGILMAR;
;COMPETICIONES FEDERADAS FBM;Liga VIPS Masculina;PRIMERA FASE;GRUPO PAR;4;CB POZUELO;CB POZUELO;;RICOPIA FUNBAL ALCALA CBJA;RICOPIA FUNBAL ALCALA CBJA;;18/10/2025;20:30;;;EL TORREON, PABELLON;CAMINO DE LAS HUERTAS, 38;Pozuelo de Alarcón;;;NAC-PAR-J04-CBPOZUELO-RICOPIAFUNBALA;
;COMPETICIONES FEDERADAS FBM;Liga VIPS Masculina;PRIMERA FASE;GRUPO PAR;4;LICEO FRANCES;LICEO FRANCES;;JANSEN BT;JANSEN BT;;19/10/2025;17:00;;;LICEO FRANCES, PABELLON COLEGIO;AVDA. DE LOS MADROŃOS frente nş 42;Madrid;;;NAC-PAR-J04-LICEOFRANCES-JANSENBT;
;COMPETICIONES FEDERADAS FBM;Liga VIPS Masculina;PRIMERA FASE;GRUPO PAR;4;ENSANCHE DE VALLECAS LA HIPOTECA DE TU VIDA;ENSANCHE DE VALLECAS LA HIPOTECA DE TU VIDA;;QUIERO VALCUDE ALCOBENDAS;QUIERO VALCUDE ALCOBENDAS;;18/10/2025;16:00;;;MIGUEL GUILLEN PRIM, PABELLON;C/ FUENTIDUEŃA, 6;Madrid;;;NAC-PAR-J04-ENSANCHEDEVALL-QUIEROVALCUDEA;
;COMPETICIONES FEDERADAS FBM;Liga VIPS Masculina;PRIMERA FASE;GRUPO PAR;5;VERITAS POZUELO;VERITAS POZUELO;;QUIERO VALCUDE ALCOBENDAS;QUIERO VALCUDE ALCOBENDAS;;25/10/2025;20:00;;;VERITAS, PABELLON INSTITUTO;AVDA. RADIO TELEVISION, 2;Pozuelo de Alarcón;;;NAC-PAR-J05-VERITASPOZUELO-QUIEROVALCUDEA;
;COMPETICIONES FEDERADAS FBM;Liga VIPS Masculina;PRIMERA FASE;GRUPO PAR;5;JANSEN BT;JANSEN BT;;ENSANCHE DE VALLECAS LA HIPOTECA DE TU VIDA;ENSANCHE DE VALLECAS LA HIPOTECA DE TU VIDA;;25/10/2025;19:30;;;TORRELODONES, PABELLON;GENERACION DE ORO PLAZA JOSE MŞ UNCETA, 4;Torrelodones;;;NAC-PAR-J05-JANSENBT-ENSANCHEDEVALL;
;COMPETICIONES FEDERADAS FBM;Liga VIPS Masculina;PRIMERA FASE;GRUPO PAR;5;RICOPIA FUNBAL ALCALA CBJA;RICOPIA FUNBAL ALCALA CBJA;;LICEO FRANCES;LICEO FRANCES;;25/10/2025;20:00;;;JUAN DE AUSTRIA, PABELLON (PISTA;CENTRAL) JOSE CABALLERO, S/N;Alcalá de Henares;;;NAC-PAR-J05-RICOPIAFUNBALA-LICEOFRANCES;
;COMPETICIONES FEDERADAS FBM;Liga VIPS Masculina;PRIMERA FASE;GRUPO PAR;5;VILLALBA GILMAR;VILLALBA GILMAR;;CB POZUELO;CB POZUELO;;26/10/2025;19:30;;;ENRIQUE BLAS, PABELLON MPAL.;COMANDANTE JUAN ANTONIO TERRON, S/N;Collado Villalba;;;NAC-PAR-J05-VILLALBAGILMAR-CBPOZUELO;
;COMPETICIONES FEDERADAS FBM;Liga VIPS Masculina;PRIMERA FASE;GRUPO PAR;5;SUMINISTROS INDUSTRIALES ARGANDA;SUMINISTROS INDUSTRIALES ARGANDA;;QUALIS C.B. VILLA DE VALDEMORO;QUALIS C.B. VILLA DE VALDEMORO;;25/10/2025;18:30;;;VIRGEN DEL CARMEN, PABELLON (PISTA;CENTRAL) MALLORCA, S/N;Arganda del Rey;;;NAC-PAR-J05-SUMINISTROSIND-QUALISCBVILLAD;
;COMPETICIONES FEDERADAS FBM;Liga VIPS Masculina;PRIMERA FASE;GRUPO PAR;5;MAJADAHONDA;MAJADAHONDA;;ARGANZUELA CENTRO;ARGANZUELA CENTRO;;25/10/2025;20:00;;;PRINCIPE FELIPE, POLIDEPORTIVO;AVDA. GUADARRAMA, 7;Majadahonda;;;NAC-PAR-J05-MAJADAHONDA-ARGANZUELACENT;
;COMPETICIONES FEDERADAS FBM;Liga VIPS Masculina;PRIMERA FASE;GRUPO PAR;6;ARGANZUELA CENTRO;ARGANZUELA CENTRO;;VERITAS POZUELO;VERITAS POZUELO;;09/11/2025;13:15;;;SALESIANOS CARABANCHEL, PABELLON;COLEGIO RONDA DON BOSCO, 3;Madrid;;;NAC-PAR-J06-ARGANZUELACENT-VERITASPOZUELO;
;COMPETICIONES FEDERADAS FBM;Liga VIPS Masculina;PRIMERA FASE;GRUPO PAR;6;QUALIS C.B. VILLA DE VALDEMORO;QUALIS C.B. VILLA DE VALDEMORO;;MAJADAHONDA;MAJADAHONDA;;08/11/2025;18:00;;;JESUS ESPAŃA, PABELLON (PISTA;CENTRAL) NEPTUNO, 4;Valdemoro;;;NAC-PAR-J06-QUALISCBVILLAD-MAJADAHONDA;
;COMPETICIONES FEDERADAS FBM;Liga VIPS Masculina;PRIMERA FASE;GRUPO PAR;6;CB POZUELO;CB POZUELO;;SUMINISTROS INDUSTRIALES ARGANDA;SUMINISTROS INDUSTRIALES ARGANDA;;08/11/2025;20:30;;;EL TORREON, PABELLON;CAMINO DE LAS HUERTAS, 38;Pozuelo de Alarcón;;;NAC-PAR-J06-CBPOZUELO-SUMINISTROSIND;
;COMPETICIONES FEDERADAS FBM;Liga VIPS Masculina;PRIMERA FASE;GRUPO PAR;6;LICEO FRANCES;LICEO FRANCES;;VILLALBA GILMAR;VILLALBA GILMAR;;09/11/2025;17:00;;;LICEO FRANCES, PABELLON COLEGIO;AVDA. DE LOS MADROŃOS frente nş 42;Madrid;;;NAC-PAR-J06-LICEOFRANCES-VILLALBAGILMAR;
;COMPETICIONES FEDERADAS FBM;Liga VIPS Masculina;PRIMERA FASE;GRUPO PAR;6;ENSANCHE DE VALLECAS LA HIPOTECA DE TU VIDA;ENSANCHE DE VALLECAS LA HIPOTECA DE TU VIDA;;RICOPIA FUNBAL ALCALA CBJA;RICOPIA FUNBAL ALCALA CBJA;;08/11/2025;16:00;;;MIGUEL GUILLEN PRIM, PABELLON;C/ FUENTIDUEŃA, 6;Madrid;;;NAC-PAR-J06-ENSANCHEDEVALL-RICOPIAFUNBALA;
;COMPETICIONES FEDERADAS FBM;Liga VIPS Masculina;PRIMERA FASE;GRUPO PAR;6;QUIERO VALCUDE ALCOBENDAS;QUIERO VALCUDE ALCOBENDAS;;JANSEN BT;JANSEN BT;;08/11/2025;19:00;;;AMAYA VALDEMORO, PABELLON;CRTA. ALCOBENDAS-BARAJAS, Km. 1,200;Alcobendas;;;NAC-PAR-J06-QUIEROVALCUDEA-JANSENBT;
;COMPETICIONES FEDERADAS FBM;Liga VIPS Masculina;PRIMERA FASE;GRUPO PAR;7;VERITAS POZUELO;VERITAS POZUELO;;JANSEN BT;JANSEN BT;;15/11/2025;20:00;;;VERITAS, PABELLON INSTITUTO;AVDA. RADIO TELEVISION, 2;Pozuelo de Alarcón;;;NAC-PAR-J07-VERITASPOZUELO-JANSENBT;
;COMPETICIONES FEDERADAS FBM;Liga VIPS Masculina;PRIMERA FASE;GRUPO PAR;7;RICOPIA FUNBAL ALCALA CBJA;RICOPIA FUNBAL ALCALA CBJA;;QUIERO VALCUDE ALCOBENDAS;QUIERO VALCUDE ALCOBENDAS;;15/11/2025;20:00;;;JUAN DE AUSTRIA, PABELLON (PISTA;CENTRAL) JOSE CABALLERO, S/N;Alcalá de Henares;;;NAC-PAR-J07-RICOPIAFUNBALA-QUIEROVALCUDEA;
;COMPETICIONES FEDERADAS FBM;Liga VIPS Masculina;PRIMERA FASE;GRUPO PAR;7;VILLALBA GILMAR;VILLALBA GILMAR;;ENSANCHE DE VALLECAS LA HIPOTECA DE TU VIDA;ENSANCHE DE VALLECAS LA HIPOTECA DE TU VIDA;;16/11/2025;19:30;;;ENRIQUE BLAS, PABELLON MPAL.;COMANDANTE JUAN ANTONIO TERRON, S/N;Collado Villalba;;;NAC-PAR-J07-VILLALBAGILMAR-ENSANCHEDEVALL;
;COMPETICIONES FEDERADAS FBM;Liga VIPS Masculina;PRIMERA FASE;GRUPO PAR;7;SUMINISTROS INDUSTRIALES ARGANDA;SUMINISTROS INDUSTRIALES ARGANDA;;LICEO FRANCES;LICEO FRANCES;;15/11/2025;18:30;;;VIRGEN DEL CARMEN, PABELLON (PISTA;CENTRAL) MALLORCA, S/N;Arganda del Rey;;;NAC-PAR-J07-SUMINISTROSIND-LICEOFRANCES;
;COMPETICIONES FEDERADAS FBM;Liga VIPS Masculina;PRIMERA FASE;GRUPO PAR;7;MAJADAHONDA;MAJADAHONDA;;CB POZUELO;CB POZUELO;;15/11/2025;20:00;;;PRINCIPE FELIPE, POLIDEPORTIVO;AVDA. GUADARRAMA, 7;Majadahonda;;;NAC-PAR-J07-MAJADAHONDA-CBPOZUELO;
;COMPETICIONES FEDERADAS FBM;Liga VIPS Masculina;PRIMERA FASE;GRUPO PAR;7;ARGANZUELA CENTRO;ARGANZUELA CENTRO;;QUALIS C.B. VILLA DE VALDEMORO;QUALIS C.B. VILLA DE VALDEMORO;;16/11/2025;13:15;;;SALESIANOS CARABANCHEL, PABELLON;COLEGIO RONDA DON BOSCO, 3;Madrid;;;NAC-PAR-J07-ARGANZUELACENT-QUALISCBVILLAD;
;COMPETICIONES FEDERADAS FBM;Liga VIPS Masculina;PRIMERA FASE;GRUPO PAR;8;QUALIS C.B. VILLA DE VALDEMORO;QUALIS C.B. VILLA DE VALDEMORO;;VERITAS POZUELO;VERITAS POZUELO;;22/11/2025;18:00;;;JESUS ESPAŃA, PABELLON (PISTA;CENTRAL) NEPTUNO, 4;Valdemoro;;;NAC-PAR-J08-QUALISCBVILLAD-VERITASPOZUELO;
;COMPETICIONES FEDERADAS FBM;Liga VIPS Masculina;PRIMERA FASE;GRUPO PAR;8;CB POZUELO;CB POZUELO;;ARGANZUELA CENTRO;ARGANZUELA CENTRO;;22/11/2025;20:30;;;EL TORREON, PABELLON;CAMINO DE LAS HUERTAS, 38;Pozuelo de Alarcón;;;NAC-PAR-J08-CBPOZUELO-ARGANZUELACENT;
;COMPETICIONES FEDERADAS FBM;Liga VIPS Masculina;PRIMERA FASE;GRUPO PAR;8;LICEO FRANCES;LICEO FRANCES;;MAJADAHONDA;MAJADAHONDA;;23/11/2025;17:00;;;LICEO FRANCES, PABELLON COLEGIO;AVDA. DE LOS MADROŃOS frente nş 42;Madrid;;;NAC-PAR-J08-LICEOFRANCES-MAJADAHONDA;
;COMPETICIONES FEDERADAS FBM;Liga VIPS Masculina;PRIMERA FASE;GRUPO PAR;8;ENSANCHE DE VALLECAS LA HIPOTECA DE TU VIDA;ENSANCHE DE VALLECAS LA HIPOTECA DE TU VIDA;;SUMINISTROS INDUSTRIALES ARGANDA;SUMINISTROS INDUSTRIALES ARGANDA;;22/11/2025;16:00;;;MIGUEL GUILLEN PRIM, PABELLON;C/ FUENTIDUEŃA, 6;Madrid;;;NAC-PAR-J08-ENSANCHEDEVALL-SUMINISTROSIND;
;COMPETICIONES FEDERADAS FBM;Liga VIPS Masculina;PRIMERA FASE;GRUPO PAR;8;QUIERO VALCUDE ALCOBENDAS;QUIERO VALCUDE ALCOBENDAS;;VILLALBA GILMAR;VILLALBA GILMAR;;22/11/2025;19:00;;;AMAYA VALDEMORO, PABELLON;CRTA. ALCOBENDAS-BARAJAS, Km. 1,200;Alcobendas;;;NAC-PAR-J08-QUIEROVALCUDEA-VILLALBAGILMAR;
;COMPETICIONES FEDERADAS FBM;Liga VIPS Masculina;PRIMERA FASE;GRUPO PAR;8;JANSEN BT;JANSEN BT;;RICOPIA FUNBAL ALCALA CBJA;RICOPIA FUNBAL ALCALA CBJA;;22/11/2025;19:30;;;TORRELODONES, PABELLON;GENERACION DE ORO PLAZA JOSE MŞ UNCETA, 4;Torrelodones;;;NAC-PAR-J08-JANSENBT-RICOPIAFUNBALA;
;COMPETICIONES FEDERADAS FBM;Liga VIPS Masculina;PRIMERA FASE;GRUPO PAR;9;VERITAS POZUELO;VERITAS POZUELO;;RICOPIA FUNBAL ALCALA CBJA;RICOPIA FUNBAL ALCALA CBJA;;29/11/2025;20:00;;;VERITAS, PABELLON INSTITUTO;AVDA. RADIO TELEVISION, 2;Pozuelo de Alarcón;;;NAC-PAR-J09-VERITASPOZUELO-RICOPIAFUNBALA;
;COMPETICIONES FEDERADAS FBM;Liga VIPS Masculina;PRIMERA FASE;GRUPO PAR;9;VILLALBA GILMAR;VILLALBA GILMAR;;JANSEN BT;JANSEN BT;;30/11/2025;19:30;;;ENRIQUE BLAS, PABELLON MPAL.;COMANDANTE JUAN ANTONIO TERRON, S/N;Collado Villalba;;;NAC-PAR-J09-VILLALBAGILMAR-JANSENBT;
;COMPETICIONES FEDERADAS FBM;Liga VIPS Masculina;PRIMERA FASE;GRUPO PAR;9;SUMINISTROS INDUSTRIALES ARGANDA;SUMINISTROS INDUSTRIALES ARGANDA;;QUIERO VALCUDE ALCOBENDAS;QUIERO VALCUDE ALCOBENDAS;;29/11/2025;18:30;;;VIRGEN DEL CARMEN, PABELLON (PISTA;CENTRAL) MALLORCA, S/N;Arganda del Rey;;;NAC-PAR-J09-SUMINISTROSIND-QUIEROVALCUDEA;
;COMPETICIONES FEDERADAS FBM;Liga VIPS Masculina;PRIMERA FASE;GRUPO PAR;9;MAJADAHONDA;MAJADAHONDA;;ENSANCHE DE VALLECAS LA HIPOTECA DE TU VIDA;ENSANCHE DE VALLECAS LA HIPOTECA DE TU VIDA;;29/11/2025;20:00;;;PRINCIPE FELIPE, POLIDEPORTIVO;AVDA. GUADARRAMA, 7;Majadahonda;;;NAC-PAR-J09-MAJADAHONDA-ENSANCHEDEVALL;
;COMPETICIONES FEDERADAS FBM;Liga VIPS Masculina;PRIMERA FASE;GRUPO PAR;9;ARGANZUELA CENTRO;ARGANZUELA CENTRO;;LICEO FRANCES;LICEO FRANCES;;30/11/2025;13:15;;;SALESIANOS CARABANCHEL, PABELLON;COLEGIO RONDA DON BOSCO, 3;Madrid;;;NAC-PAR-J09-ARGANZUELACENT-LICEOFRANCES;
;COMPETICIONES FEDERADAS FBM;Liga VIPS Masculina;PRIMERA FASE;GRUPO PAR;9;QUALIS C.B. VILLA DE VALDEMORO;QUALIS C.B. VILLA DE VALDEMORO;;CB POZUELO;CB POZUELO;;29/11/2025;18:00;;;JESUS ESPAŃA, PABELLON (PISTA;CENTRAL) NEPTUNO, 4;Valdemoro;;;NAC-PAR-J09-QUALISCBVILLAD-CBPOZUELO;
;COMPETICIONES FEDERADAS FBM;Liga VIPS Masculina;PRIMERA FASE;GRUPO PAR;10;VERITAS POZUELO;VERITAS POZUELO;;CB POZUELO;CB POZUELO;;13/12/2025;20:00;;;VERITAS, PABELLON INSTITUTO;AVDA. RADIO TELEVISION, 2;Pozuelo de Alarcón;;;NAC-PAR-J10-VERITASPOZUELO-CBPOZUELO;
;COMPETICIONES FEDERADAS FBM;Liga VIPS Masculina;PRIMERA FASE;GRUPO PAR;10;LICEO FRANCES;LICEO FRANCES;;QUALIS C.B. VILLA DE VALDEMORO;QUALIS C.B. VILLA DE VALDEMORO;;14/12/2025;17:00;;;LICEO FRANCES, PABELLON COLEGIO;AVDA. DE LOS MADROŃOS frente nş 42;Madrid;;;NAC-PAR-J10-LICEOFRANCES-QUALISCBVILLAD;
;COMPETICIONES FEDERADAS FBM;Liga VIPS Masculina;PRIMERA FASE;GRUPO PAR;10;ENSANCHE DE VALLECAS LA HIPOTECA DE TU VIDA;ENSANCHE DE VALLECAS LA HIPOTECA DE TU VIDA;;ARGANZUELA CENTRO;ARGANZUELA CENTRO;;13/12/2025;16:00;;;MIGUEL GUILLEN PRIM, PABELLON;C/ FUENTIDUEŃA, 6;Madrid;;;NAC-PAR-J10-ENSANCHEDEVALL-ARGANZUELACENT;
;COMPETICIONES FEDERADAS FBM;Liga VIPS Masculina;PRIMERA FASE;GRUPO PAR;10;QUIERO VALCUDE ALCOBENDAS;QUIERO VALCUDE ALCOBENDAS;;MAJADAHONDA;MAJADAHONDA;;13/12/2025;19:00;;;AMAYA VALDEMORO, PABELLON;CRTA. ALCOBENDAS-BARAJAS, Km. 1,200;Alcobendas;;;NAC-PAR-J10-QUIEROVALCUDEA-MAJADAHONDA;
;COMPETICIONES FEDERADAS FBM;Liga VIPS Masculina;PRIMERA FASE;GRUPO PAR;10;JANSEN BT;JANSEN BT;;SUMINISTROS INDUSTRIALES ARGANDA;SUMINISTROS INDUSTRIALES ARGANDA;;13/12/2025;19:30;;;TORRELODONES, PABELLON;GENERACION DE ORO PLAZA JOSE MŞ UNCETA, 4;Torrelodones;;;NAC-PAR-J10-JANSENBT-SUMINISTROSIND;
;COMPETICIONES FEDERADAS FBM;Liga VIPS Masculina;PRIMERA FASE;GRUPO PAR;10;RICOPIA FUNBAL ALCALA CBJA;RICOPIA FUNBAL ALCALA CBJA;;VILLALBA GILMAR;VILLALBA GILMAR;;13/12/2025;20:00;;;JUAN DE AUSTRIA, PABELLON (PISTA;CENTRAL) JOSE CABALLERO, S/N;Alcalá de Henares;;;NAC-PAR-J10-RICOPIAFUNBALA-VILLALBAGILMAR;
;COMPETICIONES FEDERADAS FBM;Liga VIPS Masculina;PRIMERA FASE;GRUPO PAR;15;VERITAS POZUELO;VERITAS POZUELO;;MAJADAHONDA;MAJADAHONDA;;31/01/2026;20:00;;;VERITAS, PABELLON INSTITUTO;AVDA. RADIO TELEVISION, 2;Pozuelo de Alarcón;;;NAC-PAR-J15-VERITASPOZUELO-MAJADAHONDA;
;COMPETICIONES FEDERADAS FBM;Liga VIPS Masculina;PRIMERA FASE;GRUPO PAR;15;SUMINISTROS INDUSTRIALES ARGANDA;SUMINISTROS INDUSTRIALES ARGANDA;;ARGANZUELA CENTRO;ARGANZUELA CENTRO;;31/01/2026;18:30;;;VIRGEN DEL CARMEN, PABELLON (PISTA;CENTRAL) MALLORCA, S/N;Arganda del Rey;;;NAC-PAR-J15-SUMINISTROSIND-ARGANZUELACENT;
;COMPETICIONES FEDERADAS FBM;Liga VIPS Masculina;PRIMERA FASE;GRUPO PAR;15;VILLALBA GILMAR;VILLALBA GILMAR;;QUALIS C.B. VILLA DE VALDEMORO;QUALIS C.B. VILLA DE VALDEMORO;;01/02/2026;19:30;;;ENRIQUE BLAS, PABELLON MPAL.;COMANDANTE JUAN ANTONIO TERRON, S/N;Collado Villalba;;;NAC-PAR-J15-VILLALBAGILMAR-QUALISCBVILLAD;
;COMPETICIONES FEDERADAS FBM;Liga VIPS Masculina;PRIMERA FASE;GRUPO PAR;15;RICOPIA FUNBAL ALCALA CBJA;RICOPIA FUNBAL ALCALA CBJA;;CB POZUELO;CB POZUELO;;31/01/2026;20:00;;;JUAN DE AUSTRIA, PABELLON (PISTA;CENTRAL) JOSE CABALLERO, S/N;Alcalá de Henares;;;NAC-PAR-J15-RICOPIAFUNBALA-CBPOZUELO;
;COMPETICIONES FEDERADAS FBM;Liga VIPS Masculina;PRIMERA FASE;GRUPO PAR;15;JANSEN BT;JANSEN BT;;LICEO FRANCES;LICEO FRANCES;;31/01/2026;19:30;;;TORRELODONES, PABELLON;GENERACION DE ORO PLAZA JOSE MŞ UNCETA, 4;Torrelodones;;;NAC-PAR-J15-JANSENBT-LICEOFRANCES;
;COMPETICIONES FEDERADAS FBM;Liga VIPS Masculina;PRIMERA FASE;GRUPO PAR;15;QUIERO VALCUDE ALCOBENDAS;QUIERO VALCUDE ALCOBENDAS;;ENSANCHE DE VALLECAS LA HIPOTECA DE TU VIDA;ENSANCHE DE VALLECAS LA HIPOTECA DE TU VIDA;;31/01/2026;19:00;;;AMAYA VALDEMORO, PABELLON;CRTA. ALCOBENDAS-BARAJAS, Km. 1,200;Alcobendas;;;NAC-PAR-J15-QUIEROVALCUDEA-ENSANCHEDEVALL;
;COMPETICIONES FEDERADAS FBM;Liga VIPS Masculina;PRIMERA FASE;GRUPO PAR;16;QUIERO VALCUDE ALCOBENDAS;QUIERO VALCUDE ALCOBENDAS;;VERITAS POZUELO;VERITAS POZUELO;;07/02/2026;19:00;;;AMAYA VALDEMORO, PABELLON;CRTA. ALCOBENDAS-BARAJAS, Km. 1,200;Alcobendas;;;NAC-PAR-J16-QUIEROVALCUDEA-VERITASPOZUELO;
;COMPETICIONES FEDERADAS FBM;Liga VIPS Masculina;PRIMERA FASE;GRUPO PAR;16;ENSANCHE DE VALLECAS LA HIPOTECA DE TU VIDA;ENSANCHE DE VALLECAS LA HIPOTECA DE TU VIDA;;JANSEN BT;JANSEN BT;;07/02/2026;16:00;;;MIGUEL GUILLEN PRIM, PABELLON;C/ FUENTIDUEŃA, 6;Madrid;;;NAC-PAR-J16-ENSANCHEDEVALL-JANSENBT;
;COMPETICIONES FEDERADAS FBM;Liga VIPS Masculina;PRIMERA FASE;GRUPO PAR;16;LICEO FRANCES;LICEO FRANCES;;RICOPIA FUNBAL ALCALA CBJA;RICOPIA FUNBAL ALCALA CBJA;;08/02/2026;17:00;;;LICEO FRANCES, PABELLON COLEGIO;AVDA. DE LOS MADROŃOS frente nş 42;Madrid;;;NAC-PAR-J16-LICEOFRANCES-RICOPIAFUNBALA;
;COMPETICIONES FEDERADAS FBM;Liga VIPS Masculina;PRIMERA FASE;GRUPO PAR;16;CB POZUELO;CB POZUELO;;VILLALBA GILMAR;VILLALBA GILMAR;;07/02/2026;20:30;;;EL TORREON, PABELLON;CAMINO DE LAS HUERTAS, 38;Pozuelo de Alarcón;;;NAC-PAR-J16-CBPOZUELO-VILLALBAGILMAR;
;COMPETICIONES FEDERADAS FBM;Liga VIPS Masculina;PRIMERA FASE;GRUPO PAR;16;QUALIS C.B. VILLA DE VALDEMORO;QUALIS C.B. VILLA DE VALDEMORO;;SUMINISTROS INDUSTRIALES ARGANDA;SUMINISTROS INDUSTRIALES ARGANDA;;07/02/2026;18:00;;;JESUS ESPAŃA, PABELLON (PISTA;CENTRAL) NEPTUNO, 4;Valdemoro;;;NAC-PAR-J16-QUALISCBVILLAD-SUMINISTROSIND;
;COMPETICIONES FEDERADAS FBM;Liga VIPS Masculina;PRIMERA FASE;GRUPO PAR;16;ARGANZUELA CENTRO;ARGANZUELA CENTRO;;MAJADAHONDA;MAJADAHONDA;;08/02/2026;13:15;;;SALESIANOS CARABANCHEL, PABELLON;COLEGIO RONDA DON BOSCO, 3;Madrid;;;NAC-PAR-J16-ARGANZUELACENT-MAJADAHONDA;
;COMPETICIONES FEDERADAS FBM;Liga VIPS Masculina;PRIMERA FASE;GRUPO PAR;17;VERITAS POZUELO;VERITAS POZUELO;;ARGANZUELA CENTRO;ARGANZUELA CENTRO;;14/02/2026;20:00;;;VERITAS, PABELLON INSTITUTO;AVDA. RADIO TELEVISION, 2;Pozuelo de Alarcón;;;NAC-PAR-J17-VERITASPOZUELO-ARGANZUELACENT;
;COMPETICIONES FEDERADAS FBM;Liga VIPS Masculina;PRIMERA FASE;GRUPO PAR;17;MAJADAHONDA;MAJADAHONDA;;QUALIS C.B. VILLA DE VALDEMORO;QUALIS C.B. VILLA DE VALDEMORO;;14/02/2026;20:00;;;PRINCIPE FELIPE, POLIDEPORTIVO;AVDA. GUADARRAMA, 7;Majadahonda;;;NAC-PAR-J17-MAJADAHONDA-QUALISCBVILLAD;
;COMPETICIONES FEDERADAS FBM;Liga VIPS Masculina;PRIMERA FASE;GRUPO PAR;17;SUMINISTROS INDUSTRIALES ARGANDA;SUMINISTROS INDUSTRIALES ARGANDA;;CB POZUELO;CB POZUELO;;14/02/2026;18:30;;;VIRGEN DEL CARMEN, PABELLON (PISTA;CENTRAL) MALLORCA, S/N;Arganda del Rey;;;NAC-PAR-J17-SUMINISTROSIND-CBPOZUELO;
;COMPETICIONES FEDERADAS FBM;Liga VIPS Masculina;PRIMERA FASE;GRUPO PAR;17;VILLALBA GILMAR;VILLALBA GILMAR;;LICEO FRANCES;LICEO FRANCES;;15/02/2026;19:30;;;ENRIQUE BLAS, PABELLON MPAL.;COMANDANTE JUAN ANTONIO TERRON, S/N;Collado Villalba;;;NAC-PAR-J17-VILLALBAGILMAR-LICEOFRANCES;
;COMPETICIONES FEDERADAS FBM;Liga VIPS Masculina;PRIMERA FASE;GRUPO PAR;17;RICOPIA FUNBAL ALCALA CBJA;RICOPIA FUNBAL ALCALA CBJA;;ENSANCHE DE VALLECAS LA HIPOTECA DE TU VIDA;ENSANCHE DE VALLECAS LA HIPOTECA DE TU VIDA;;14/02/2026;20:00;;;JUAN DE AUSTRIA, PABELLON (PISTA;CENTRAL) JOSE CABALLERO, S/N;Alcalá de Henares;;;NAC-PAR-J17-RICOPIAFUNBALA-ENSANCHEDEVALL;
;COMPETICIONES FEDERADAS FBM;Liga VIPS Masculina;PRIMERA FASE;GRUPO PAR;17;JANSEN BT;JANSEN BT;;QUIERO VALCUDE ALCOBENDAS;QUIERO VALCUDE ALCOBENDAS;;14/02/2026;19:30;;;TORRELODONES, PABELLON;GENERACION DE ORO PLAZA JOSE MŞ UNCETA, 4;Torrelodones;;;NAC-PAR-J17-JANSENBT-QUIEROVALCUDEA;
;COMPETICIONES FEDERADAS FBM;Liga VIPS Masculina;PRIMERA FASE;GRUPO PAR;18;JANSEN BT;JANSEN BT;;VERITAS POZUELO;VERITAS POZUELO;;21/02/2026;19:30;;;TORRELODONES, PABELLON;GENERACION DE ORO PLAZA JOSE MŞ UNCETA, 4;Torrelodones;;;NAC-PAR-J18-JANSENBT-VERITASPOZUELO;
;COMPETICIONES FEDERADAS FBM;Liga VIPS Masculina;PRIMERA FASE;GRUPO PAR;18;QUIERO VALCUDE ALCOBENDAS;QUIERO VALCUDE ALCOBENDAS;;RICOPIA FUNBAL ALCALA CBJA;RICOPIA FUNBAL ALCALA CBJA;;21/02/2026;19:00;;;AMAYA VALDEMORO, PABELLON;CRTA. ALCOBENDAS-BARAJAS, Km. 1,200;Alcobendas;;;NAC-PAR-J18-QUIEROVALCUDEA-RICOPIAFUNBALA;
;COMPETICIONES FEDERADAS FBM;Liga VIPS Masculina;PRIMERA FASE;GRUPO PAR;18;ENSANCHE DE VALLECAS LA HIPOTECA DE TU VIDA;ENSANCHE DE VALLECAS LA HIPOTECA DE TU VIDA;;VILLALBA GILMAR;VILLALBA GILMAR;;21/02/2026;16:00;;;MIGUEL GUILLEN PRIM, PABELLON;C/ FUENTIDUEŃA, 6;Madrid;;;NAC-PAR-J18-ENSANCHEDEVALL-VILLALBAGILMAR;
;COMPETICIONES FEDERADAS FBM;Liga VIPS Masculina;PRIMERA FASE;GRUPO PAR;18;LICEO FRANCES;LICEO FRANCES;;SUMINISTROS INDUSTRIALES ARGANDA;SUMINISTROS INDUSTRIALES ARGANDA;;22/02/2026;17:00;;;LICEO FRANCES, PABELLON COLEGIO;AVDA. DE LOS MADROŃOS frente nş 42;Madrid;;;NAC-PAR-J18-LICEOFRANCES-SUMINISTROSIND;
;COMPETICIONES FEDERADAS FBM;Liga VIPS Masculina;PRIMERA FASE;GRUPO PAR;18;CB POZUELO;CB POZUELO;;MAJADAHONDA;MAJADAHONDA;;21/02/2026;20:30;;;EL TORREON, PABELLON;CAMINO DE LAS HUERTAS, 38;Pozuelo de Alarcón;;;NAC-PAR-J18-CBPOZUELO-MAJADAHONDA;
;COMPETICIONES FEDERADAS FBM;Liga VIPS Masculina;PRIMERA FASE;GRUPO PAR;18;QUALIS C.B. VILLA DE VALDEMORO;QUALIS C.B. VILLA DE VALDEMORO;;ARGANZUELA CENTRO;ARGANZUELA CENTRO;;21/02/2026;18:00;;;JESUS ESPAŃA, PABELLON (PISTA;CENTRAL) NEPTUNO, 4;Valdemoro;;;NAC-PAR-J18-QUALISCBVILLAD-ARGANZUELACENT;
;COMPETICIONES FEDERADAS FBM;Liga VIPS Masculina;PRIMERA FASE;GRUPO PAR;19;VERITAS POZUELO;VERITAS POZUELO;;QUALIS C.B. VILLA DE VALDEMORO;QUALIS C.B. VILLA DE VALDEMORO;;28/02/2026;20:00;;;VERITAS, PABELLON INSTITUTO;AVDA. RADIO TELEVISION, 2;Pozuelo de Alarcón;;;NAC-PAR-J19-VERITASPOZUELO-QUALISCBVILLAD;
;COMPETICIONES FEDERADAS FBM;Liga VIPS Masculina;PRIMERA FASE;GRUPO PAR;19;ARGANZUELA CENTRO;ARGANZUELA CENTRO;;CB POZUELO;CB POZUELO;;01/03/2026;13:15;;;SALESIANOS CARABANCHEL, PABELLON;COLEGIO RONDA DON BOSCO, 3;Madrid;;;NAC-PAR-J19-ARGANZUELACENT-CBPOZUELO;
;COMPETICIONES FEDERADAS FBM;Liga VIPS Masculina;PRIMERA FASE;GRUPO PAR;19;MAJADAHONDA;MAJADAHONDA;;LICEO FRANCES;LICEO FRANCES;;28/02/2026;20:00;;;PRINCIPE FELIPE, POLIDEPORTIVO;AVDA. GUADARRAMA, 7;Majadahonda;;;NAC-PAR-J19-MAJADAHONDA-LICEOFRANCES;
;COMPETICIONES FEDERADAS FBM;Liga VIPS Masculina;PRIMERA FASE;GRUPO PAR;19;SUMINISTROS INDUSTRIALES ARGANDA;SUMINISTROS INDUSTRIALES ARGANDA;;ENSANCHE DE VALLECAS LA HIPOTECA DE TU VIDA;ENSANCHE DE VALLECAS LA HIPOTECA DE TU VIDA;;28/02/2026;18:30;;;VIRGEN DEL CARMEN, PABELLON (PISTA;CENTRAL) MALLORCA, S/N;Arganda del Rey;;;NAC-PAR-J19-SUMINISTROSIND-ENSANCHEDEVALL;
;COMPETICIONES FEDERADAS FBM;Liga VIPS Masculina;PRIMERA FASE;GRUPO PAR;19;VILLALBA GILMAR;VILLALBA GILMAR;;QUIERO VALCUDE ALCOBENDAS;QUIERO VALCUDE ALCOBENDAS;;01/03/2026;19:30;;;ENRIQUE BLAS, PABELLON MPAL.;COMANDANTE JUAN ANTONIO TERRON, S/N;Collado Villalba;;;NAC-PAR-J19-VILLALBAGILMAR-QUIEROVALCUDEA;
;COMPETICIONES FEDERADAS FBM;Liga VIPS Masculina;PRIMERA FASE;GRUPO PAR;19;RICOPIA FUNBAL ALCALA CBJA;RICOPIA FUNBAL ALCALA CBJA;;JANSEN BT;JANSEN BT;;28/02/2026;20:00;;;JUAN DE AUSTRIA, PABELLON (PISTA;CENTRAL) JOSE CABALLERO, S/N;Alcalá de Henares;;;NAC-PAR-J19-RICOPIAFUNBALA-JANSENBT;
;COMPETICIONES FEDERADAS FBM;Liga VIPS Masculina;PRIMERA FASE;GRUPO PAR;20;RICOPIA FUNBAL ALCALA CBJA;RICOPIA FUNBAL ALCALA CBJA;;VERITAS POZUELO;VERITAS POZUELO;;07/03/2026;20:00;;;JUAN DE AUSTRIA, PABELLON (PISTA;CENTRAL) JOSE CABALLERO, S/N;Alcalá de Henares;;;NAC-PAR-J20-RICOPIAFUNBALA-VERITASPOZUELO;
;COMPETICIONES FEDERADAS FBM;Liga VIPS Masculina;PRIMERA FASE;GRUPO PAR;20;JANSEN BT;JANSEN BT;;VILLALBA GILMAR;VILLALBA GILMAR;;07/03/2026;19:30;;;TORRELODONES, PABELLON;GENERACION DE ORO PLAZA JOSE MŞ UNCETA, 4;Torrelodones;;;NAC-PAR-J20-JANSENBT-VILLALBAGILMAR;
;COMPETICIONES FEDERADAS FBM;Liga VIPS Masculina;PRIMERA FASE;GRUPO PAR;20;QUIERO VALCUDE ALCOBENDAS;QUIERO VALCUDE ALCOBENDAS;;SUMINISTROS INDUSTRIALES ARGANDA;SUMINISTROS INDUSTRIALES ARGANDA;;07/03/2026;19:00;;;AMAYA VALDEMORO, PABELLON;CRTA. ALCOBENDAS-BARAJAS, Km. 1,200;Alcobendas;;;NAC-PAR-J20-QUIEROVALCUDEA-SUMINISTROSIND;
;COMPETICIONES FEDERADAS FBM;Liga VIPS Masculina;PRIMERA FASE;GRUPO PAR;20;ENSANCHE DE VALLECAS LA HIPOTECA DE TU VIDA;ENSANCHE DE VALLECAS LA HIPOTECA DE TU VIDA;;MAJADAHONDA;MAJADAHONDA;;07/03/2026;16:00;;;MIGUEL GUILLEN PRIM, PABELLON;C/ FUENTIDUEŃA, 6;Madrid;;;NAC-PAR-J20-ENSANCHEDEVALL-MAJADAHONDA;
;COMPETICIONES FEDERADAS FBM;Liga VIPS Masculina;PRIMERA FASE;GRUPO PAR;20;LICEO FRANCES;LICEO FRANCES;;ARGANZUELA CENTRO;ARGANZUELA CENTRO;;08/03/2026;17:00;;;LICEO FRANCES, PABELLON COLEGIO;AVDA. DE LOS MADROŃOS frente nş 42;Madrid;;;NAC-PAR-J20-LICEOFRANCES-ARGANZUELACENT;
;COMPETICIONES FEDERADAS FBM;Liga VIPS Masculina;PRIMERA FASE;GRUPO PAR;20;CB POZUELO;CB POZUELO;;QUALIS C.B. VILLA DE VALDEMORO;QUALIS C.B. VILLA DE VALDEMORO;;07/03/2026;20:30;;;EL TORREON, PABELLON;CAMINO DE LAS HUERTAS, 38;Pozuelo de Alarcón;;;NAC-PAR-J20-CBPOZUELO-QUALISCBVILLAD;
;COMPETICIONES FEDERADAS FBM;Liga VIPS Masculina;PRIMERA FASE;GRUPO PAR;21;CB POZUELO;CB POZUELO;;VERITAS POZUELO;VERITAS POZUELO;;14/03/2026;20:30;;;EL TORREON, PABELLON;CAMINO DE LAS HUERTAS, 38;Pozuelo de Alarcón;;;NAC-PAR-J21-CBPOZUELO-VERITASPOZUELO;
;COMPETICIONES FEDERADAS FBM;Liga VIPS Masculina;PRIMERA FASE;GRUPO PAR;21;QUALIS C.B. VILLA DE VALDEMORO;QUALIS C.B. VILLA DE VALDEMORO;;LICEO FRANCES;LICEO FRANCES;;14/03/2026;18:00;;;JESUS ESPAŃA, PABELLON (PISTA;CENTRAL) NEPTUNO, 4;Valdemoro;;;NAC-PAR-J21-QUALISCBVILLAD-LICEOFRANCES;
;COMPETICIONES FEDERADAS FBM;Liga VIPS Masculina;PRIMERA FASE;GRUPO PAR;21;ARGANZUELA CENTRO;ARGANZUELA CENTRO;;ENSANCHE DE VALLECAS LA HIPOTECA DE TU VIDA;ENSANCHE DE VALLECAS LA HIPOTECA DE TU VIDA;;15/03/2026;13:15;;;SALESIANOS CARABANCHEL, PABELLON;COLEGIO RONDA DON BOSCO, 3;Madrid;;;NAC-PAR-J21-ARGANZUELACENT-ENSANCHEDEVALL;
;COMPETICIONES FEDERADAS FBM;Liga VIPS Masculina;PRIMERA FASE;GRUPO PAR;21;MAJADAHONDA;MAJADAHONDA;;QUIERO VALCUDE ALCOBENDAS;QUIERO VALCUDE ALCOBENDAS;;14/03/2026;20:00;;;PRINCIPE FELIPE, POLIDEPORTIVO;AVDA. GUADARRAMA, 7;Majadahonda;;;NAC-PAR-J21-MAJADAHONDA-QUIEROVALCUDEA;
;COMPETICIONES FEDERADAS FBM;Liga VIPS Masculina;PRIMERA FASE;GRUPO PAR;21;SUMINISTROS INDUSTRIALES ARGANDA;SUMINISTROS INDUSTRIALES ARGANDA;;JANSEN BT;JANSEN BT;;14/03/2026;18:30;;;VIRGEN DEL CARMEN, PABELLON (PISTA;CENTRAL) MALLORCA, S/N;Arganda del Rey;;;NAC-PAR-J21-SUMINISTROSIND-JANSENBT;
;COMPETICIONES FEDERADAS FBM;Liga VIPS Masculina;PRIMERA FASE;GRUPO PAR;21;VILLALBA GILMAR;VILLALBA GILMAR;;RICOPIA FUNBAL ALCALA CBJA;RICOPIA FUNBAL ALCALA CBJA;;15/03/2026;19:30;;;ENRIQUE BLAS, PABELLON MPAL.;COMANDANTE JUAN ANTONIO TERRON, S/N;Collado Villalba;;;NAC-PAR-J21-VILLALBAGILMAR-RICOPIAFUNBALA;
;COMPETICIONES FEDERADAS FBM;Liga VIPS Masculina;PRIMERA FASE;GRUPO PAR;11;VILLALBA GILMAR;VILLALBA GILMAR;;VERITAS POZUELO;VERITAS POZUELO;;21/12/2025;19:30;;;ENRIQUE BLAS, PABELLON MPAL.;COMANDANTE JUAN ANTONIO TERRON, S/N;Collado Villalba;;;NAC-PAR-J11-VILLALBAGILMAR-VERITASPOZUELO;
;COMPETICIONES FEDERADAS FBM;Liga VIPS Masculina;PRIMERA FASE;GRUPO PAR;11;SUMINISTROS INDUSTRIALES ARGANDA;SUMINISTROS INDUSTRIALES ARGANDA;;RICOPIA FUNBAL ALCALA CBJA;RICOPIA FUNBAL ALCALA CBJA;;20/12/2025;18:30;;;VIRGEN DEL CARMEN, PABELLON (PISTA;CENTRAL) MALLORCA, S/N;Arganda del Rey;;;NAC-PAR-J11-SUMINISTROSIND-RICOPIAFUNBALA;
;COMPETICIONES FEDERADAS FBM;Liga VIPS Masculina;PRIMERA FASE;GRUPO PAR;11;MAJADAHONDA;MAJADAHONDA;;JANSEN BT;JANSEN BT;;20/12/2025;20:00;;;PRINCIPE FELIPE, POLIDEPORTIVO;AVDA. GUADARRAMA, 7;Majadahonda;;;NAC-PAR-J11-MAJADAHONDA-JANSENBT;
;COMPETICIONES FEDERADAS FBM;Liga VIPS Masculina;PRIMERA FASE;GRUPO PAR;11;ARGANZUELA CENTRO;ARGANZUELA CENTRO;;QUIERO VALCUDE ALCOBENDAS;QUIERO VALCUDE ALCOBENDAS;;21/12/2025;13:15;;;SALESIANOS CARABANCHEL, PABELLON;COLEGIO RONDA DON BOSCO, 3;Madrid;;;NAC-PAR-J11-ARGANZUELACENT-QUIEROVALCUDEA;
;COMPETICIONES FEDERADAS FBM;Liga VIPS Masculina;PRIMERA FASE;GRUPO PAR;11;QUALIS C.B. VILLA DE VALDEMORO;QUALIS C.B. VILLA DE VALDEMORO;;ENSANCHE DE VALLECAS LA HIPOTECA DE TU VIDA;ENSANCHE DE VALLECAS LA HIPOTECA DE TU VIDA;;20/12/2025;18:00;;;JESUS ESPAŃA, PABELLON (PISTA;CENTRAL) NEPTUNO, 4;Valdemoro;;;NAC-PAR-J11-QUALISCBVILLAD-ENSANCHEDEVALL;
;COMPETICIONES FEDERADAS FBM;Liga VIPS Masculina;PRIMERA FASE;GRUPO PAR;11;CB POZUELO;CB POZUELO;;LICEO FRANCES;LICEO FRANCES;;20/12/2025;20:30;;;EL TORREON, PABELLON;CAMINO DE LAS HUERTAS, 38;Pozuelo de Alarcón;;;NAC-PAR-J11-CBPOZUELO-LICEOFRANCES;
;COMPETICIONES FEDERADAS FBM;Liga VIPS Masculina;PRIMERA FASE;GRUPO PAR;22;VERITAS POZUELO;VERITAS POZUELO;;VILLALBA GILMAR;VILLALBA GILMAR;;21/03/2026;20:00;;;VERITAS, PABELLON INSTITUTO;AVDA. RADIO TELEVISION, 2;Pozuelo de Alarcón;;;NAC-PAR-J22-VERITASPOZUELO-VILLALBAGILMAR;
;COMPETICIONES FEDERADAS FBM;Liga VIPS Masculina;PRIMERA FASE;GRUPO PAR;22;RICOPIA FUNBAL ALCALA CBJA;RICOPIA FUNBAL ALCALA CBJA;;SUMINISTROS INDUSTRIALES ARGANDA;SUMINISTROS INDUSTRIALES ARGANDA;;21/03/2026;20:00;;;JUAN DE AUSTRIA, PABELLON (PISTA;CENTRAL) JOSE CABALLERO, S/N;Alcalá de Henares;;;NAC-PAR-J22-RICOPIAFUNBALA-SUMINISTROSIND;
;COMPETICIONES FEDERADAS FBM;Liga VIPS Masculina;PRIMERA FASE;GRUPO PAR;22;JANSEN BT;JANSEN BT;;MAJADAHONDA;MAJADAHONDA;;21/03/2026;19:30;;;TORRELODONES, PABELLON;GENERACION DE ORO PLAZA JOSE MŞ UNCETA, 4;Torrelodones;;;NAC-PAR-J22-JANSENBT-MAJADAHONDA;
;COMPETICIONES FEDERADAS FBM;Liga VIPS Masculina;PRIMERA FASE;GRUPO PAR;22;QUIERO VALCUDE ALCOBENDAS;QUIERO VALCUDE ALCOBENDAS;;ARGANZUELA CENTRO;ARGANZUELA CENTRO;;21/03/2026;19:00;;;AMAYA VALDEMORO, PABELLON;CRTA. ALCOBENDAS-BARAJAS, Km. 1,200;Alcobendas;;;NAC-PAR-J22-QUIEROVALCUDEA-ARGANZUELACENT;
;COMPETICIONES FEDERADAS FBM;Liga VIPS Masculina;PRIMERA FASE;GRUPO PAR;22;ENSANCHE DE VALLECAS LA HIPOTECA DE TU VIDA;ENSANCHE DE VALLECAS LA HIPOTECA DE TU VIDA;;QUALIS C.B. VILLA DE VALDEMORO;QUALIS C.B. VILLA DE VALDEMORO;;21/03/2026;16:00;;;MIGUEL GUILLEN PRIM, PABELLON;C/ FUENTIDUEŃA, 6;Madrid;;;NAC-PAR-J22-ENSANCHEDEVALL-QUALISCBVILLAD;
;COMPETICIONES FEDERADAS FBM;Liga VIPS Masculina;PRIMERA FASE;GRUPO PAR;22;LICEO FRANCES;LICEO FRANCES;;CB POZUELO;CB POZUELO;;22/03/2026;17:00;;;LICEO FRANCES, PABELLON COLEGIO;AVDA. DE LOS MADROŃOS frente nş 42;Madrid;;;NAC-PAR-J22-LICEOFRANCES-CBPOZUELO;
;COMPETICIONES FEDERADAS FBM;Junior Masculino LIGA AHORRAMAS - ORO;PRIMERA FASE;GRUPO 1;1;JANSEN BT "A";JANSEN BT "A";;KERN PHARMA TRES CANTOS A;KERN PHARMA TRES CANTOS A;;21/09/2025;18:00;;;TORRELODONES, PABELLON;GENERACION DE ORO PLAZA JOSE MŞ UNCETA, 4;Torrelodones;;;JR-G1-J01-JANSENBTA-KERNPHARMATRES;
;COMPETICIONES FEDERADAS FBM;Junior Masculino LIGA AHORRAMAS - ORO;PRIMERA FASE;GRUPO 1;1;SPANISH BASKETBALL ACADEMY A;SPANISH BASKETBALL ACADEMY A;;REAL MADRID;REAL MADRID;;21/09/2025;19:30;;;SBA ARENA;FRAGUAS, 26;Alcorcón;;;JR-G1-J01-SPANISHBASKETB-REALMADRID;
;COMPETICIONES FEDERADAS FBM;Junior Masculino LIGA AHORRAMAS - ORO;PRIMERA FASE;GRUPO 1;1;REAL CANOE N.C. "A";REAL CANOE N.C. "A";;C.B. LAS ROZAS "A" FCS ARQUITECTURA Y CONSTRUCCION;C.B. LAS ROZAS "A" FCS ARQUITECTURA Y CONSTRUCCION;;21/09/2025;13:00;;;REAL CANOE N.C.;CALLE PEZ VOLADOR, 30;Madrid;;;JR-G1-J01-REALCANOENCA-CBLASROZASAFCS;
;COMPETICIONES FEDERADAS FBM;Junior Masculino LIGA AHORRAMAS - ORO;PRIMERA FASE;GRUPO 1;2;C.B. LAS ROZAS "A" FCS ARQUITECTURA Y CONSTRUCCION;C.B. LAS ROZAS "A" FCS ARQUITECTURA Y CONSTRUCCION;;JANSEN BT "A";JANSEN BT "A";;28/09/2025;17:00;;;ALFREDO ESPINIELLA, PABELLON (PISTA;CENTRAL) COMUNIDAD DE LA RIOJA, 4;Rozas de Madrid, Las;;;JR-G1-J02-CBLASROZASAFCS-JANSENBTA;
;COMPETICIONES FEDERADAS FBM;Junior Masculino LIGA AHORRAMAS - ORO;PRIMERA FASE;GRUPO 1;2;REAL MADRID;REAL MADRID;;REAL CANOE N.C. "A";REAL CANOE N.C. "A";;28/09/2025;20:00;;;CIUDAD REAL MADRID VALDEBEBAS;AVENIDA ALEJANDRO DE LA SOTA, S/N;Madrid;;;JR-G1-J02-REALMADRID-REALCANOENCA;
;COMPETICIONES FEDERADAS FBM;Junior Masculino LIGA AHORRAMAS - ORO;PRIMERA FASE;GRUPO 1;2;KERN PHARMA TRES CANTOS A;KERN PHARMA TRES CANTOS A;;SPANISH BASKETBALL ACADEMY A;SPANISH BASKETBALL ACADEMY A;;28/09/2025;19:00;;;LA LUZ, PABELLON PISTA 3;AVENIDA DE LA LUZ, 6;Tres Cantos;;;JR-G1-J02-KERNPHARMATRES-SPANISHBASKETB;
;COMPETICIONES FEDERADAS FBM;Junior Masculino LIGA AHORRAMAS - ORO;PRIMERA FASE;GRUPO 1;3;JANSEN BT "A";JANSEN BT "A";;SPANISH BASKETBALL ACADEMY A;SPANISH BASKETBALL ACADEMY A;;05/10/2025;18:00;;;TORRELODONES, PABELLON;GENERACION DE ORO PLAZA JOSE MŞ UNCETA, 4;Torrelodones;;;JR-G1-J03-JANSENBTA-SPANISHBASKETB;
;COMPETICIONES FEDERADAS FBM;Junior Masculino LIGA AHORRAMAS - ORO;PRIMERA FASE;GRUPO 1;3;REAL CANOE N.C. "A";REAL CANOE N.C. "A";;KERN PHARMA TRES CANTOS A;KERN PHARMA TRES CANTOS A;;05/10/2025;13:00;;;REAL CANOE N.C.;CALLE PEZ VOLADOR, 30;Madrid;;;JR-G1-J03-REALCANOENCA-KERNPHARMATRES;
;COMPETICIONES FEDERADAS FBM;Junior Masculino LIGA AHORRAMAS - ORO;PRIMERA FASE;GRUPO 1;3;C.B. LAS ROZAS "A" FCS ARQUITECTURA Y CONSTRUCCION;C.B. LAS ROZAS "A" FCS ARQUITECTURA Y CONSTRUCCION;;REAL MADRID;REAL MADRID;;05/10/2025;17:00;;;ALFREDO ESPINIELLA, PABELLON (PISTA;CENTRAL) COMUNIDAD DE LA RIOJA, 4;Rozas de Madrid, Las;;;JR-G1-J03-CBLASROZASAFCS-REALMADRID;
;COMPETICIONES FEDERADAS FBM;Junior Masculino LIGA AHORRAMAS - ORO;PRIMERA FASE;GRUPO 1;4;JANSEN BT "A";JANSEN BT "A";;REAL MADRID;REAL MADRID;;19/10/2025;18:00;;;TORRELODONES, PABELLON;GENERACION DE ORO PLAZA JOSE MŞ UNCETA, 4;Torrelodones;;;JR-G1-J04-JANSENBTA-REALMADRID;
;COMPETICIONES FEDERADAS FBM;Junior Masculino LIGA AHORRAMAS - ORO;PRIMERA FASE;GRUPO 1;4;KERN PHARMA TRES CANTOS A;KERN PHARMA TRES CANTOS A;;C.B. LAS ROZAS "A" FCS ARQUITECTURA Y CONSTRUCCION;C.B. LAS ROZAS "A" FCS ARQUITECTURA Y CONSTRUCCION;;19/10/2025;19:00;;;LA LUZ, PABELLON PISTA 3;AVENIDA DE LA LUZ, 6;Tres Cantos;;;JR-G1-J04-KERNPHARMATRES-CBLASROZASAFCS;
;COMPETICIONES FEDERADAS FBM;Junior Masculino LIGA AHORRAMAS - ORO;PRIMERA FASE;GRUPO 1;4;SPANISH BASKETBALL ACADEMY A;SPANISH BASKETBALL ACADEMY A;;REAL CANOE N.C. "A";REAL CANOE N.C. "A";;19/10/2025;19:30;;;SBA ARENA;FRAGUAS, 26;Alcorcón;;;JR-G1-J04-SPANISHBASKETB-REALCANOENCA;
;COMPETICIONES FEDERADAS FBM;Junior Masculino LIGA AHORRAMAS - ORO;PRIMERA FASE;GRUPO 1;5;REAL CANOE N.C. "A";REAL CANOE N.C. "A";;JANSEN BT "A";JANSEN BT "A";;26/10/2025;13:00;;;REAL CANOE N.C.;CALLE PEZ VOLADOR, 30;Madrid;;;JR-G1-J05-REALCANOENCA-JANSENBTA;
;COMPETICIONES FEDERADAS FBM;Junior Masculino LIGA AHORRAMAS - ORO;PRIMERA FASE;GRUPO 1;5;C.B. LAS ROZAS "A" FCS ARQUITECTURA Y CONSTRUCCION;C.B. LAS ROZAS "A" FCS ARQUITECTURA Y CONSTRUCCION;;SPANISH BASKETBALL ACADEMY A;SPANISH BASKETBALL ACADEMY A;;26/10/2025;17:00;;;ALFREDO ESPINIELLA, PABELLON (PISTA;CENTRAL) COMUNIDAD DE LA RIOJA, 4;Rozas de Madrid, Las;;;JR-G1-J05-CBLASROZASAFCS-SPANISHBASKETB;
;COMPETICIONES FEDERADAS FBM;Junior Masculino LIGA AHORRAMAS - ORO;PRIMERA FASE;GRUPO 1;5;REAL MADRID;REAL MADRID;;KERN PHARMA TRES CANTOS A;KERN PHARMA TRES CANTOS A;;26/10/2025;20:00;;;CIUDAD REAL MADRID VALDEBEBAS;AVENIDA ALEJANDRO DE LA SOTA, S/N;Madrid;;;JR-G1-J05-REALMADRID-KERNPHARMATRES;
;COMPETICIONES FEDERADAS FBM;Junior Masculino LIGA AHORRAMAS - ORO;PRIMERA FASE;GRUPO 1;6;KERN PHARMA TRES CANTOS A;KERN PHARMA TRES CANTOS A;;JANSEN BT "A";JANSEN BT "A";;09/11/2025;19:00;;;LA LUZ, PABELLON PISTA 3;AVENIDA DE LA LUZ, 6;Tres Cantos;;;JR-G1-J06-KERNPHARMATRES-JANSENBTA;
;COMPETICIONES FEDERADAS FBM;Junior Masculino LIGA AHORRAMAS - ORO;PRIMERA FASE;GRUPO 1;6;REAL MADRID;REAL MADRID;;SPANISH BASKETBALL ACADEMY A;SPANISH BASKETBALL ACADEMY A;;09/11/2025;20:00;;;CIUDAD REAL MADRID VALDEBEBAS;AVENIDA ALEJANDRO DE LA SOTA, S/N;Madrid;;;JR-G1-J06-REALMADRID-SPANISHBASKETB;
;COMPETICIONES FEDERADAS FBM;Junior Masculino LIGA AHORRAMAS - ORO;PRIMERA FASE;GRUPO 1;6;C.B. LAS ROZAS "A" FCS ARQUITECTURA Y CONSTRUCCION;C.B. LAS ROZAS "A" FCS ARQUITECTURA Y CONSTRUCCION;;REAL CANOE N.C. "A";REAL CANOE N.C. "A";;09/11/2025;17:00;;;ALFREDO ESPINIELLA, PABELLON (PISTA;CENTRAL) COMUNIDAD DE LA RIOJA, 4;Rozas de Madrid, Las;;;JR-G1-J06-CBLASROZASAFCS-REALCANOENCA;
;COMPETICIONES FEDERADAS FBM;Junior Masculino LIGA AHORRAMAS - ORO;PRIMERA FASE;GRUPO 1;7;JANSEN BT "A";JANSEN BT "A";;C.B. LAS ROZAS "A" FCS ARQUITECTURA Y CONSTRUCCION;C.B. LAS ROZAS "A" FCS ARQUITECTURA Y CONSTRUCCION;;16/11/2025;18:00;;;TORRELODONES, PABELLON;GENERACION DE ORO PLAZA JOSE MŞ UNCETA, 4;Torrelodones;;;JR-G1-J07-JANSENBTA-CBLASROZASAFCS;
;COMPETICIONES FEDERADAS FBM;Junior Masculino LIGA AHORRAMAS - ORO;PRIMERA FASE;GRUPO 1;7;REAL CANOE N.C. "A";REAL CANOE N.C. "A";;REAL MADRID;REAL MADRID;;16/11/2025;13:00;;;REAL CANOE N.C.;CALLE PEZ VOLADOR, 30;Madrid;;;JR-G1-J07-REALCANOENCA-REALMADRID;
;COMPETICIONES FEDERADAS FBM;Junior Masculino LIGA AHORRAMAS - ORO;PRIMERA FASE;GRUPO 1;7;SPANISH BASKETBALL ACADEMY A;SPANISH BASKETBALL ACADEMY A;;KERN PHARMA TRES CANTOS A;KERN PHARMA TRES CANTOS A;;16/11/2025;19:30;;;SBA ARENA;FRAGUAS, 26;Alcorcón;;;JR-G1-J07-SPANISHBASKETB-KERNPHARMATRES;
;COMPETICIONES FEDERADAS FBM;Junior Masculino LIGA AHORRAMAS - ORO;PRIMERA FASE;GRUPO 1;8;SPANISH BASKETBALL ACADEMY A;SPANISH BASKETBALL ACADEMY A;;JANSEN BT "A";JANSEN BT "A";;23/11/2025;19:30;;;SBA ARENA;FRAGUAS, 26;Alcorcón;;;JR-G1-J08-SPANISHBASKETB-JANSENBTA;
;COMPETICIONES FEDERADAS FBM;Junior Masculino LIGA AHORRAMAS - ORO;PRIMERA FASE;GRUPO 1;8;KERN PHARMA TRES CANTOS A;KERN PHARMA TRES CANTOS A;;REAL CANOE N.C. "A";REAL CANOE N.C. "A";;23/11/2025;19:00;;;LA LUZ, PABELLON PISTA 3;AVENIDA DE LA LUZ, 6;Tres Cantos;;;JR-G1-J08-KERNPHARMATRES-REALCANOENCA;
;COMPETICIONES FEDERADAS FBM;Junior Masculino LIGA AHORRAMAS - ORO;PRIMERA FASE;GRUPO 1;8;REAL MADRID;REAL MADRID;;C.B. LAS ROZAS "A" FCS ARQUITECTURA Y CONSTRUCCION;C.B. LAS ROZAS "A" FCS ARQUITECTURA Y CONSTRUCCION;;23/11/2025;20:00;;;CIUDAD REAL MADRID VALDEBEBAS;AVENIDA ALEJANDRO DE LA SOTA, S/N;Madrid;;;JR-G1-J08-REALMADRID-CBLASROZASAFCS;
;COMPETICIONES FEDERADAS FBM;Junior Masculino LIGA AHORRAMAS - ORO;PRIMERA FASE;GRUPO 1;9;REAL MADRID;REAL MADRID;;JANSEN BT "A";JANSEN BT "A";;30/11/2025;20:00;;;CIUDAD REAL MADRID VALDEBEBAS;AVENIDA ALEJANDRO DE LA SOTA, S/N;Madrid;;;JR-G1-J09-REALMADRID-JANSENBTA;
;COMPETICIONES FEDERADAS FBM;Junior Masculino LIGA AHORRAMAS - ORO;PRIMERA FASE;GRUPO 1;9;C.B. LAS ROZAS "A" FCS ARQUITECTURA Y CONSTRUCCION;C.B. LAS ROZAS "A" FCS ARQUITECTURA Y CONSTRUCCION;;KERN PHARMA TRES CANTOS A;KERN PHARMA TRES CANTOS A;;30/11/2025;17:00;;;ALFREDO ESPINIELLA, PABELLON (PISTA;CENTRAL) COMUNIDAD DE LA RIOJA, 4;Rozas de Madrid, Las;;;JR-G1-J09-CBLASROZASAFCS-KERNPHARMATRES;
;COMPETICIONES FEDERADAS FBM;Junior Masculino LIGA AHORRAMAS - ORO;PRIMERA FASE;GRUPO 1;9;REAL CANOE N.C. "A";REAL CANOE N.C. "A";;SPANISH BASKETBALL ACADEMY A;SPANISH BASKETBALL ACADEMY A;;30/11/2025;13:00;;;REAL CANOE N.C.;CALLE PEZ VOLADOR, 30;Madrid;;;JR-G1-J09-REALCANOENCA-SPANISHBASKETB;
;COMPETICIONES FEDERADAS FBM;Junior Masculino LIGA AHORRAMAS - ORO;PRIMERA FASE;GRUPO 1;10;JANSEN BT "A";JANSEN BT "A";;REAL CANOE N.C. "A";REAL CANOE N.C. "A";;14/12/2025;18:00;;;TORRELODONES, PABELLON;GENERACION DE ORO PLAZA JOSE MŞ UNCETA, 4;Torrelodones;;;JR-G1-J10-JANSENBTA-REALCANOENCA;
;COMPETICIONES FEDERADAS FBM;Junior Masculino LIGA AHORRAMAS - ORO;PRIMERA FASE;GRUPO 1;10;SPANISH BASKETBALL ACADEMY A;SPANISH BASKETBALL ACADEMY A;;C.B. LAS ROZAS "A" FCS ARQUITECTURA Y CONSTRUCCION;C.B. LAS ROZAS "A" FCS ARQUITECTURA Y CONSTRUCCION;;14/12/2025;19:30;;;SBA ARENA;FRAGUAS, 26;Alcorcón;;;JR-G1-J10-SPANISHBASKETB-CBLASROZASAFCS;
;COMPETICIONES FEDERADAS FBM;Junior Masculino LIGA AHORRAMAS - ORO;PRIMERA FASE;GRUPO 1;10;KERN PHARMA TRES CANTOS A;KERN PHARMA TRES CANTOS A;;REAL MADRID;REAL MADRID;;14/12/2025;19:00;;;LA LUZ, PABELLON PISTA 3;AVENIDA DE LA LUZ, 6;Tres Cantos;;;JR-G1-J10-KERNPHARMATRES-REALMADRID;
;COMPETICIONES FEDERADAS FBM;Junior Masculino LIGA AHORRAMAS - ORO;PRIMERA FASE;GRUPO 2;1;BRAINS MORALEJA A;BRAINS MORALEJA A;;BALONCESTO FUENLABRADA "A";BALONCESTO FUENLABRADA "A";;21/09/2025;18:00;;;BRAINS LA MORALEJA, COLEGIO;LA SALVIA, 48;Alcobendas;;;JR-G2-J01-BRAINSMORALEJA-BALONCESTOFUEN;
;COMPETICIONES FEDERADAS FBM;Junior Masculino LIGA AHORRAMAS - ORO;PRIMERA FASE;GRUPO 2;1;MOVISTAR ESTUDIANTES "A";MOVISTAR ESTUDIANTES "A";;ZENTRO BASKET MADRID;ZENTRO BASKET MADRID;;21/09/2025;20:00;;;MOVISTAR ACADEMY MAGARIŃOS,;PABELLON SERRANO, 129;Madrid;;;JR-G2-J01-MOVISTARESTUDI-ZENTROBASKETMA;
;COMPETICIONES FEDERADAS FBM;Junior Masculino LIGA AHORRAMAS - ORO;PRIMERA FASE;GRUPO 2;1;FUNDAL ALCOBENDAS "A";FUNDAL ALCOBENDAS "A";;LASO ACADEMY "A";LASO ACADEMY "A";;21/09/2025;20:00;;;ANTELA PARADA, PABELLON;FRANCISCO CHICO MENDES, 8;Alcobendas;;;JR-G2-J01-FUNDALALCOBEND-LASOACADEMYA;
;COMPETICIONES FEDERADAS FBM;Junior Masculino LIGA AHORRAMAS - ORO;PRIMERA FASE;GRUPO 2;2;LASO ACADEMY "A";LASO ACADEMY "A";;BRAINS MORALEJA A;BRAINS MORALEJA A;;28/09/2025;19:00;;;UCJC SPORTS CLUB;CASTILLO DE ALARCON, 47 URB. VILLAFRANCA DEL CASTILLO;Madrid;;;JR-G2-J02-LASOACADEMYA-BRAINSMORALEJA;
;COMPETICIONES FEDERADAS FBM;Junior Masculino LIGA AHORRAMAS - ORO;PRIMERA FASE;GRUPO 2;2;ZENTRO BASKET MADRID;ZENTRO BASKET MADRID;;FUNDAL ALCOBENDAS "A";FUNDAL ALCOBENDAS "A";;28/09/2025;18:30;;;ANTONIO DIAZ MIGUEL, PDVO. MPAL.;JOAQUIN DICENTA, 1;Madrid;;;JR-G2-J02-ZENTROBASKETMA-FUNDALALCOBEND;
;COMPETICIONES FEDERADAS FBM;Junior Masculino LIGA AHORRAMAS - ORO;PRIMERA FASE;GRUPO 2;2;BALONCESTO FUENLABRADA "A";BALONCESTO FUENLABRADA "A";;MOVISTAR ESTUDIANTES "A";MOVISTAR ESTUDIANTES "A";;28/09/2025;17:00;;;EL ARROYO, PABELLON;FUENTESAUCO, 1;Fuenlabrada;;;JR-G2-J02-BALONCESTOFUEN-MOVISTARESTUDI;
;COMPETICIONES FEDERADAS FBM;Junior Masculino LIGA AHORRAMAS - ORO;PRIMERA FASE;GRUPO 2;3;BRAINS MORALEJA A;BRAINS MORALEJA A;;MOVISTAR ESTUDIANTES "A";MOVISTAR ESTUDIANTES "A";;05/10/2025;18:00;;;BRAINS LA MORALEJA, COLEGIO;LA SALVIA, 48;Alcobendas;;;JR-G2-J03-BRAINSMORALEJA-MOVISTARESTUDI;
;COMPETICIONES FEDERADAS FBM;Junior Masculino LIGA AHORRAMAS - ORO;PRIMERA FASE;GRUPO 2;3;FUNDAL ALCOBENDAS "A";FUNDAL ALCOBENDAS "A";;BALONCESTO FUENLABRADA "A";BALONCESTO FUENLABRADA "A";;05/10/2025;20:00;;;ANTELA PARADA, PABELLON;FRANCISCO CHICO MENDES, 8;Alcobendas;;;JR-G2-J03-FUNDALALCOBEND-BALONCESTOFUEN;
;COMPETICIONES FEDERADAS FBM;Junior Masculino LIGA AHORRAMAS - ORO;PRIMERA FASE;GRUPO 2;3;LASO ACADEMY "A";LASO ACADEMY "A";;ZENTRO BASKET MADRID;ZENTRO BASKET MADRID;;05/10/2025;19:00;;;UCJC SPORTS CLUB;CASTILLO DE ALARCON, 47 URB. VILLAFRANCA DEL CASTILLO;Madrid;;;JR-G2-J03-LASOACADEMYA-ZENTROBASKETMA;
;COMPETICIONES FEDERADAS FBM;Junior Masculino LIGA AHORRAMAS - ORO;PRIMERA FASE;GRUPO 2;4;BRAINS MORALEJA A;BRAINS MORALEJA A;;ZENTRO BASKET MADRID;ZENTRO BASKET MADRID;;19/10/2025;18:00;;;BRAINS LA MORALEJA, COLEGIO;LA SALVIA, 48;Alcobendas;;;JR-G2-J04-BRAINSMORALEJA-ZENTROBASKETMA;
;COMPETICIONES FEDERADAS FBM;Junior Masculino LIGA AHORRAMAS - ORO;PRIMERA FASE;GRUPO 2;4;BALONCESTO FUENLABRADA "A";BALONCESTO FUENLABRADA "A";;LASO ACADEMY "A";LASO ACADEMY "A";;19/10/2025;17:00;;;EL ARROYO, PABELLON;FUENTESAUCO, 1;Fuenlabrada;;;JR-G2-J04-BALONCESTOFUEN-LASOACADEMYA;
;COMPETICIONES FEDERADAS FBM;Junior Masculino LIGA AHORRAMAS - ORO;PRIMERA FASE;GRUPO 2;4;MOVISTAR ESTUDIANTES "A";MOVISTAR ESTUDIANTES "A";;FUNDAL ALCOBENDAS "A";FUNDAL ALCOBENDAS "A";;19/10/2025;20:00;;;MOVISTAR ACADEMY MAGARIŃOS,;PABELLON SERRANO, 129;Madrid;;;JR-G2-J04-MOVISTARESTUDI-FUNDALALCOBEND;
;COMPETICIONES FEDERADAS FBM;Junior Masculino LIGA AHORRAMAS - ORO;PRIMERA FASE;GRUPO 2;5;FUNDAL ALCOBENDAS "A";FUNDAL ALCOBENDAS "A";;BRAINS MORALEJA A;BRAINS MORALEJA A;;26/10/2025;20:00;;;ANTELA PARADA, PABELLON;FRANCISCO CHICO MENDES, 8;Alcobendas;;;JR-G2-J05-FUNDALALCOBEND-BRAINSMORALEJA;
;COMPETICIONES FEDERADAS FBM;Junior Masculino LIGA AHORRAMAS - ORO;PRIMERA FASE;GRUPO 2;5;LASO ACADEMY "A";LASO ACADEMY "A";;MOVISTAR ESTUDIANTES "A";MOVISTAR ESTUDIANTES "A";;26/10/2025;19:00;;;UCJC SPORTS CLUB;CASTILLO DE ALARCON, 47 URB. VILLAFRANCA DEL CASTILLO;Madrid;;;JR-G2-J05-LASOACADEMYA-MOVISTARESTUDI;
;COMPETICIONES FEDERADAS FBM;Junior Masculino LIGA AHORRAMAS - ORO;PRIMERA FASE;GRUPO 2;5;ZENTRO BASKET MADRID;ZENTRO BASKET MADRID;;BALONCESTO FUENLABRADA "A";BALONCESTO FUENLABRADA "A";;26/10/2025;18:30;;;ANTONIO DIAZ MIGUEL, PDVO. MPAL.;JOAQUIN DICENTA, 1;Madrid;;;JR-G2-J05-ZENTROBASKETMA-BALONCESTOFUEN;
;COMPETICIONES FEDERADAS FBM;Junior Masculino LIGA AHORRAMAS - ORO;PRIMERA FASE;GRUPO 2;6;BALONCESTO FUENLABRADA "A";BALONCESTO FUENLABRADA "A";;BRAINS MORALEJA A;BRAINS MORALEJA A;;09/11/2025;17:00;;;EL ARROYO, PABELLON;FUENTESAUCO, 1;Fuenlabrada;;;JR-G2-J06-BALONCESTOFUEN-BRAINSMORALEJA;
;COMPETICIONES FEDERADAS FBM;Junior Masculino LIGA AHORRAMAS - ORO;PRIMERA FASE;GRUPO 2;6;ZENTRO BASKET MADRID;ZENTRO BASKET MADRID;;MOVISTAR ESTUDIANTES "A";MOVISTAR ESTUDIANTES "A";;09/11/2025;18:30;;;ANTONIO DIAZ MIGUEL, PDVO. MPAL.;JOAQUIN DICENTA, 1;Madrid;;;JR-G2-J06-ZENTROBASKETMA-MOVISTARESTUDI;
;COMPETICIONES FEDERADAS FBM;Junior Masculino LIGA AHORRAMAS - ORO;PRIMERA FASE;GRUPO 2;6;LASO ACADEMY "A";LASO ACADEMY "A";;FUNDAL ALCOBENDAS "A";FUNDAL ALCOBENDAS "A";;09/11/2025;19:00;;;UCJC SPORTS CLUB;CASTILLO DE ALARCON, 47 URB. VILLAFRANCA DEL CASTILLO;Madrid;;;JR-G2-J06-LASOACADEMYA-FUNDALALCOBEND;
;COMPETICIONES FEDERADAS FBM;Junior Masculino LIGA AHORRAMAS - ORO;PRIMERA FASE;GRUPO 2;7;BRAINS MORALEJA A;BRAINS MORALEJA A;;LASO ACADEMY "A";LASO ACADEMY "A";;16/11/2025;18:00;;;BRAINS LA MORALEJA, COLEGIO;LA SALVIA, 48;Alcobendas;;;JR-G2-J07-BRAINSMORALEJA-LASOACADEMYA;
;COMPETICIONES FEDERADAS FBM;Junior Masculino LIGA AHORRAMAS - ORO;PRIMERA FASE;GRUPO 2;7;FUNDAL ALCOBENDAS "A";FUNDAL ALCOBENDAS "A";;ZENTRO BASKET MADRID;ZENTRO BASKET MADRID;;16/11/2025;20:00;;;ANTELA PARADA, PABELLON;FRANCISCO CHICO MENDES, 8;Alcobendas;;;JR-G2-J07-FUNDALALCOBEND-ZENTROBASKETMA;
;COMPETICIONES FEDERADAS FBM;Junior Masculino LIGA AHORRAMAS - ORO;PRIMERA FASE;GRUPO 2;7;MOVISTAR ESTUDIANTES "A";MOVISTAR ESTUDIANTES "A";;BALONCESTO FUENLABRADA "A";BALONCESTO FUENLABRADA "A";;16/11/2025;20:00;;;MOVISTAR ACADEMY MAGARIŃOS,;PABELLON SERRANO, 129;Madrid;;;JR-G2-J07-MOVISTARESTUDI-BALONCESTOFUEN;
;COMPETICIONES FEDERADAS FBM;Junior Masculino LIGA AHORRAMAS - ORO;PRIMERA FASE;GRUPO 2;8;MOVISTAR ESTUDIANTES "A";MOVISTAR ESTUDIANTES "A";;BRAINS MORALEJA A;BRAINS MORALEJA A;;23/11/2025;20:00;;;MOVISTAR ACADEMY MAGARIŃOS,;PABELLON SERRANO, 129;Madrid;;;JR-G2-J08-MOVISTARESTUDI-BRAINSMORALEJA;
;COMPETICIONES FEDERADAS FBM;Junior Masculino LIGA AHORRAMAS - ORO;PRIMERA FASE;GRUPO 2;8;BALONCESTO FUENLABRADA "A";BALONCESTO FUENLABRADA "A";;FUNDAL ALCOBENDAS "A";FUNDAL ALCOBENDAS "A";;23/11/2025;17:00;;;EL ARROYO, PABELLON;FUENTESAUCO, 1;Fuenlabrada;;;JR-G2-J08-BALONCESTOFUEN-FUNDALALCOBEND;
;COMPETICIONES FEDERADAS FBM;Junior Masculino LIGA AHORRAMAS - ORO;PRIMERA FASE;GRUPO 2;8;ZENTRO BASKET MADRID;ZENTRO BASKET MADRID;;LASO ACADEMY "A";LASO ACADEMY "A";;23/11/2025;18:30;;;ANTONIO DIAZ MIGUEL, PDVO. MPAL.;JOAQUIN DICENTA, 1;Madrid;;;JR-G2-J08-ZENTROBASKETMA-LASOACADEMYA;
;COMPETICIONES FEDERADAS FBM;Junior Masculino LIGA AHORRAMAS - ORO;PRIMERA FASE;GRUPO 2;9;ZENTRO BASKET MADRID;ZENTRO BASKET MADRID;;BRAINS MORALEJA A;BRAINS MORALEJA A;;30/11/2025;18:30;;;ANTONIO DIAZ MIGUEL, PDVO. MPAL.;JOAQUIN DICENTA, 1;Madrid;;;JR-G2-J09-ZENTROBASKETMA-BRAINSMORALEJA;
;COMPETICIONES FEDERADAS FBM;Junior Masculino LIGA AHORRAMAS - ORO;PRIMERA FASE;GRUPO 2;9;LASO ACADEMY "A";LASO ACADEMY "A";;BALONCESTO FUENLABRADA "A";BALONCESTO FUENLABRADA "A";;30/11/2025;19:00;;;UCJC SPORTS CLUB;CASTILLO DE ALARCON, 47 URB. VILLAFRANCA DEL CASTILLO;Madrid;;;JR-G2-J09-LASOACADEMYA-BALONCESTOFUEN;
;COMPETICIONES FEDERADAS FBM;Junior Masculino LIGA AHORRAMAS - ORO;PRIMERA FASE;GRUPO 2;9;FUNDAL ALCOBENDAS "A";FUNDAL ALCOBENDAS "A";;MOVISTAR ESTUDIANTES "A";MOVISTAR ESTUDIANTES "A";;30/11/2025;20:00;;;ANTELA PARADA, PABELLON;FRANCISCO CHICO MENDES, 8;Alcobendas;;;JR-G2-J09-FUNDALALCOBEND-MOVISTARESTUDI;
;COMPETICIONES FEDERADAS FBM;Junior Masculino LIGA AHORRAMAS - ORO;PRIMERA FASE;GRUPO 2;10;BRAINS MORALEJA A;BRAINS MORALEJA A;;FUNDAL ALCOBENDAS "A";FUNDAL ALCOBENDAS "A";;14/12/2025;18:00;;;BRAINS LA MORALEJA, COLEGIO;LA SALVIA, 48;Alcobendas;;;JR-G2-J10-BRAINSMORALEJA-FUNDALALCOBEND;
;COMPETICIONES FEDERADAS FBM;Junior Masculino LIGA AHORRAMAS - ORO;PRIMERA FASE;GRUPO 2;10;MOVISTAR ESTUDIANTES "A";MOVISTAR ESTUDIANTES "A";;LASO ACADEMY "A";LASO ACADEMY "A";;14/12/2025;20:00;;;MOVISTAR ACADEMY MAGARIŃOS,;PABELLON SERRANO, 129;Madrid;;;JR-G2-J10-MOVISTARESTUDI-LASOACADEMYA;
;COMPETICIONES FEDERADAS FBM;Junior Masculino LIGA AHORRAMAS - ORO;PRIMERA FASE;GRUPO 2;10;BALONCESTO FUENLABRADA "A";BALONCESTO FUENLABRADA "A";;ZENTRO BASKET MADRID;ZENTRO BASKET MADRID;;14/12/2025;17:00;;;EL ARROYO, PABELLON;FUENTESAUCO, 1;Fuenlabrada;;;JR-G2-J10-BALONCESTOFUEN-ZENTROBASKETMA;
